Workbook
Name Acs: Constants!$B$30
Name Adc: Loop_Modeling!$B$34
Name Adc_ea: Loop_Modeling!$B$58
Name ADC_VINmin: Variable_Management!$B$178
Name Cac: Variable_Management!$B$132
Name Cac_min: Variable_Management!$B$131
Name CCOMP: Variable_Management!$B$238
Name CCOMP_Calc: Variable_Management!$B$237
Name CCOMP_calc_CCM: Variable_Management!$B$207
Name CCOMP_CALC_DCM: Variable_Management!$B$228
Name CHF: Variable_Management!$B$240
Name CHF_calc: Variable_Management!$B$239
Name CHF_CALC_CCM: Variable_Management!$B$208
Name CHF_CALC_DCM: Variable_Management!$B$229
Name Comp_calc_CCM: Variable_Management!$B$207
Name Cout: Variable_Management!$B$144
Name Cout_min: Variable_Management!$B$142
Name D_limit_max: Constants!$B$18
Name D_limit_min: Constants!$B$16
Name D_limit_nom: Constants!$B$17
Name DC_DCM_max: Variable_Management!$B$32
Name Dc_max_IC: Variable_Management!$B$20
Name Dc_max_ideal: Variable_Management!$A$19
Name DC_rip: Variable_Management!#REF!
Name Dc_rip_max: Variable_Management!#REF!
Name Dc_VIN_max: Variable_Management!$B$87
Name Dc_VIN_min: Variable_Management!$B$53
Name Dc_VIN_nom: Variable_Management!$B$70
Name DC_VIN_Var: Loop_Modeling!$B$18
Name DC_VIN_var_DCM: Loop_Modeling!$B$66
Name EFF_est: Variable_Management!$B$17
Name Eff_vs_IOUT: Plot_Management_Eff!$C$3
Name fcross: Variable_Management!$B$233
Name fcross_est: Variable_Management!$B$232
Name fp_ea_est: Variable_Management!$B$202
Name Fsw: Variable_Management!$B$10
Name fz_ea_est: Variable_Management!$B$201
Name fz_rhp: Variable_Management!$B$187
Name Gcomp: Constants!$B$29
Name Gea_mid_calc: Variable_Management!#REF!
Name gfs: Variable_Management!$B$256
Name gm_ea: Constants!$B$34
Name Gplant_fc_dB: Loop_Modeling!$AD$7
Name IIN_33: Variable_Management!#REF!
Name IL_coupled: Variable_Management!$B$24
Name IL_pk: Variable_Management!$B$122
Name IL_pk_max: Variable_Management!$B$123
Name ILA_avg_VIN_max: Variable_Management!$B$90
Name ILA_avg_VIN_min: Variable_Management!$B$56
Name ILA_avg_VIN_nom: Variable_Management!$B$73
Name ILAp_VINmax: Variable_Management!$B$92
Name ILAp_VINmin: Variable_Management!$B$58
Name ILAp_VINnom: Variable_Management!$B$75
Name ILArip_VINmax: Variable_Management!$B$91
Name ILArip_VINmin: Variable_Management!$B$57
Name ILArip_VINnom: Variable_Management!$B$74
Name ILB_avg_VIN_max: Variable_Management!$B$95
Name ILB_avg_VIN_min: Variable_Management!$B$61
Name ILB_avg_VIN_nom: Variable_Management!$B$78
Name ILBp_VIN_max: Variable_Management!$B$97

Sheet Design Converter
E1: LM3478-88 DC/DC Coupled Inductor SEPIC Controller Design Tool
A3: ABOUT | F3: =Input Box | O3: TERMS OF USE
O5: =CONCATENATE("Rev ",Licenses!$B$5) -> Rev 1.0.0 | P5: October-2024
A6: Step 1: Design Specifications
G7: Minimum Input Supply Voltage , VSUPPLY(min) | H7: 3 | I7: V
G8: Typical Input Supply Voltage, VSUPPLY(typ) | H8: 3.7 | I8: V
G9: Maximum Input Supply Voltage , VSUPPLY(max) | H9: =4.2*3 -> 12.6 | I9: V
G10: Output Target Voltage, VLOAD | H10: 10 | I10: V
G11: Maximum Output Current , ILOAD | H11: 2.5 | I11: A
G12: Free Running Switching Frequency, FSW | H12: 700 | I12: kHz
G13: Free running Oscillator Set Resistor, RT | H13: =RT/1000 -> 19.439201 | I13: kΩ
G14: Output Power, POUT | H14: =POUT -> 25 | I14: W
G15: Recommended maximum duty cycle LM3478-88 at VSUPPLY(MIN) | H15: =Dc_max_IC*100 -> 97 | I15: %
G16: Ideal Duty Cycle at VSUPPLY(MIN) | H16: =Variable_Management!B19*100 -> 76.923077 | I16: %
A18: Step 2: Filter Inductor
G19: Required Mode of Operation: | H19: =IF(Variable_Management!B21=0,"CCM","DCM") -> CCM
G20: Desired Maximum Inductor Current Ripple Ratio (IRR_MAX) | H20: 60 | I20: %
G21: Recommended Inductance (LM_CALC) | H21: =Variable_Management!B38*10^6 -> 0.47584289 | I21: uH
G22: User Selection. Inductance, (LM) | H22: 10 | I22: uH
G23: Peak inductor current, ILPK | H23: =ISW_peak_VIN_min -> 11.163004 | I23: A
A25: Step 3: Current Sense Resistor Selection
G26: Peak Current Limit Margin | H26: 30 | I26: %
G27: Selected Peak Current limit (ILSW_select) | H27: =Ipk_selected -> 14.511905 | I27: A
G28: Recommended current sense Resistor (RS) | H28: =Variable_Management!B115*1000 -> 10.749795 | I28: mΩ
G29: Recommended external slope compensation Resistor (RSL) | H29: =Variable_Management!B116 -> 0 | I29: Ω
G30: Selected current sense Resistor (RS) | H30: 10 | I30: mΩ
G31: Selected external slope compensation Resistor (RSL) | H31: 0 | I31: Ω
G32: Actual switch peak current limit | H32: =IL_pk_max -> 15.6 | I32: A
A34: Step 4: CAC Capacitor Selection
G35: Minimum couplpling capacitor value (CAC_min) | H35: =Cac_min*(10^6) -> 4.3607186 | I35: uF
G36: Selected Coupling Capacitor (CAC) | H36: 10 | I36: uF
G37: Minimuum require CAC RMS current Rating | H37: =Variable_Management!B134 -> 4.5643546 | I37: A
A39: Step 5: Output Capacitor Selection
G40: Desired load step ripple voltage (ΔvOUT) | H40: 500 | I40: mV
G41: Minimum output capacitance | H41: =Cout_min*10^6 -> 541.66667 | I41: uF
G42: Capacitor RMS current (IRMS_COUT) | H42: =IRMS_COUT -> 4.5643546 | I42: A
G43: Selected Output Capacitance (COUT) | H43: 560 | I43: uF
G44: Equivalent COUT ESR (RESR) | H44: 28 | I44: mΩ
Q53: =VIN_min -> 3
A58: Step 6: Loop Compensation
G59: Voltage selected (VIN_VAR) | H59: =VIN_var&"V" -> 4V
G61: Feedback Resistor Selection
G62: Select a top feedback resistor(RFBT) | H62: 15 | I62: kΩ
G63: Calculated bottom feedback resistor (RFBB_cala) | H63: =RFBB_calc/1000 -> 2.1624714 | I63: kΩ
G64: Select a bottomresistor based on calculated balue(RFBB) | H64: 2.16 | I64: kΩ
G67: Suggested bandwidth | H67: =fcross_est/1000 -> 0.73456128 | I67: kHz
G68: Selected band width (FCO) | H68: 0.7 | I68: kHz
F70: Calculated | H70: Selected
E71: RCOMP | F71: =RCOMP_Calc/1000 -> 1.1764812 | G71: kΩ | H71: 2.5 | I71: kΩ
E72: CCOMP | F72: =CCOMP_Calc*(10^9) -> 456.04513 | G72: nF | H72: 220 | I72: nF
E73: CHF | F73: =CHF_calc*(10^12) -> 30694.168 | G73: pF | H73: 4700 | I73: pF
A75: Efficiency / Power Loss Analyzer
A77: MOSFET parameters
G78: On-State Resistance, RDS(on) | H78: 6.5 | I78: mΩ
G79: Total Gate Charge, QG | H79: 30 | I79: nC
G80: Gate-Drain Charge, QGD | H80: 6.5 | I80: nC
G81: Gate-Source Charge, QGS | H81: 3.5 | I81: nC
G82: Gate Resistance, RG | H82: 1.3 | I82: Ω
G83: Transconductance, gFS | H83: 70 | I83: S
G84: Gate-Source Threshold Voltage, VTH | H84: 10 | I84: V
A86: Diode Parameters
G87: Recommended minimum average current rating (ID_AVG) | H87: =IOUT -> 2.5 | I87: A
G88: Forward Voltage Drop (VD) | H88: 325 | I88: mV
G89: Reverse recovery charge of Schottky Diode (QRR) | H89: 0 | I89: nC

Sheet Licenses
A5: Version Number | B5: 1.0.0
A35: Version History
A36: Version | B36: Change List Description
A37: 1.0.0 | B37: Initial Release

Sheet Variable_Management
A1: EXCEL Variables Names/Calculations
B2: Input from user =
B3: Output = | F3: Base Calculations of | G3: Spec conditions | H3: Nominal right now
B4: Constant
A5: Variable Name | B5: Value | C5: STD Units | E5: Notes | J5: Iteration | K5: Flag
A6: Step 1: Operational Specs
A7: VIN_min | B7: ='Design Converter'!H7 -> 3 | C7: V | E7: Minimum input voltage
A8: VIN_nom | B8: ='Design Converter'!H8 -> 3.7 | C8: V | E8: Nominal input voltage | K8: =IF(VIN_min<VIN_min,1,IF(VIN_nom>VIN_max,1,0)) -> 0
A9: VIN_max | B9: ='Design Converter'!H9 -> 12.6 | C9: V | E9: Maximum input voltage
A10: Fsw | B10: ='Design Converter'!H12*1000 -> 700000 | C10: Hz | E10: Switching frequnecy
A11: RT | B11: =(4.503*10^11)*Fsw^-1.26 -> 19439.201 | C11: Ω | E11: Oscillator Set resistor. Based on the datasheet equation
A13: VOUT | B13: ='Design Converter'!H10 -> 10 | C13: V | E13: Target Output Voltage
A14: IOUT | B14: ='Design Converter'!H11 -> 2.5 | C14: A | E14: Maximum Output current
A15: ROUT | B15: =VOUT/IOUT -> 4 | C15: Ω | E15: Minimum load resistance
A16: POUT | B16: =VOUT*IOUT -> 25 | C16: W | E16: Total output power
A17: EFF_est | B17: 1 | E17: Estimated efficiency. Assuming 95% to give some margin
A19: Dc_max_ideal | B19: =(VOUT)/(VIN_min+VOUT) -> 0.76923077 | E19: Maximum duty cycle at the minimum input voltage. Includes estimated efficiency for margin
A20: Dc_max_IC | B20: =Constants!B20 -> 0.97 | E20: Maximum IC duty cycle. Based on the forced off time. See Mathcad Calculations
A21: DCM_Flag | B21: =IF(B19>Dc_max_IC,1,0) -> 0 | E21: Is discontinuous conduction mode required to achieve step up ratio? | K21: =B21 -> 0
E22: *Note right now DCM is not active for SEPIC calculations
A24: IL_coupled | B24: 1 | E24: are the inductors coupled? (1 = Yes, 0 = No). This will be an option in future revisions
A26: Step 2: Filter Inductor
A27: CCM Operation calculations | E27: Calculate the inductor at nominal voltage. This should allow for the best efficiency
A28: ILrip | B28: ='Design Converter'!H20/100 -> 0.6 | E28: Selected indutor ripple ratio. Will be changed later to a standard value just to keep things simple
A29: Lopt_2 | B29: =(VIN_nom^2)/(2*ILrip*IOUT*Fsw*(VIN_nom+VOUT)) -> 4.7584289e-07 | C29: H | E29: This value used to make the selection for CCM calculations. This is done at the Nominal input voltage
A31: DCM Strategy | E31: "Currently this is set of a boost Converter. Will need to change when Supporting DCM Calculation
A32: DC_DCM_max | B32: 0.7 | E32: Maximum duty cycle for DCM operation. 70% is a good starting point. Could be related to the switching frequency
A33: L_DCM_DC | B33: =((DC_DCM_max^2)*(VIN_min^2))/(2*IOUT*VOUT*Fsw-2*IOUT*VIN_min*Fsw) -> 1.8e-07 | C33: H | E33: Select DCM duty cycle to be 70%. This will keep the ripple current fairly low and allow for efficiency drops.
A34: M_L_DCM | B34: 0.2 | E34: Margin to allow for inductor ripple current to be greater than the average input current
A35: L_DCM_M | B35: =(1-M_L_DCM)*((VIN_min^2)*(1-(VIN_min/VOUT)))/(2*IOUT*VOUT*Fsw) -> 1.44e-07 | C35: H | E35: Inductor value that ensures the ripple current is larger than the average input current
A36: L_DCM | B36: =MIN(B33,B35) -> 1.44e-07 | C36: H | E36: Select the lowest of the two inductor value calculations
A38: Lm_calc | B38: =IF(B21=1,B36,Lopt_2) -> 4.7584289e-07 | E38: If DCM is required (high step-up ratio) output L_DCM. Otherwise output the CCM inductor value
A40: Lm | B40: ='Design Converter'!H22*10^-6 -> 1e-05 | C40: H | E40: Selected filter inductor
B41: =Lm -> 1e-05 | E41: Input from user for uncoupled design
A42: Lm_A | B42: =Lm -> 1e-05 | E42: Input coil inductance
B43: =Lm -> 1e-05 | E43: Input from user for uncoupled design
A44: Lm_B | B44: =Lm -> 1e-05 | E44: Output coil inductance
A46: Rdcr | B46: =10*10^-3 -> 0.01 | C46: Ω | E46: Filter inductor DCR
A47: Ltol | B47: 0.2 | E47: Assumed inductor tolerance. Constant to help simplify the user experience
B48: .
A49: Duty Cycle Calculations
A51: Minium input voltage
A52: DCc_mode_VIN_min | B52: 1 | E52: Flags if the regulator is operating in CCM or DCM (1 = CCM, 0 = DCM). *Currently set to CCM all the time to enusure the calculations are correct for CCM
A53: Dc_VIN_min | B53: =IF(B52=0,SQRT((2*IOUT*Lm*Fsw*VOUT/(VIN_min^2))),(VOUT/(VIN_min+VOUT))) -> 0.76923077 | E53: Duty cycle at the mimum input voltage (CCM). DCM is modeled for coupled inductor equations. Needs to me modeld of uncoupled inductors
B54: =B53/Fsw -> 1.0989011e-06 | C54: s | E54: On-time of the switch
A55: Input coil currents
A56: ILA_avg_VIN_min | B56: =(VOUT*IOUT)/(VIN_min) -> 8.3333333 | C56: A | E56: Average input current at minimum input voltage. 100% Eff assumed
A57: ILArip_VINmin | B57: =(VIN_min*Dc_VIN_min)/(Lm_A*Fsw) -> 0.32967033 | C57: A | E57: Inductor ripple current at VIN min.
A58: ILAp_VINmin | B58: =IF(B52=0,(VIN_min*Dc_VIN_min)/(Lm*Fsw),(ILA_avg_VIN_min/EFF_est)+(ILArip_VINmin/2)) -> 8.4981685 | C58: A | E58: Peak inductor current at VIN min. Including estimated efficiency
A60: Output coil currents | E60: Outout coil inductor calculations
A61: ILB_avg_VIN_min | B61: =IOUT -> 2.5 | C61: A
A62: ILBrip_VINmin | B62: =(VIN_min*Dc_VIN_min)/(Lm*Fsw) -> 0.32967033 | C62: A
A63: ILBp_VINmin | B63: =B61+B62/2 -> 2.6648352 | C63: A
A65: Switch currents
A66: ISW_peak_VIN_min | B66: =ILA_avg_VIN_min+B61+B62 -> 11.163004 | C66: A
A68: Nominal input voltage
A69: DCc_mode_VIN_nom | B69: =IF(((VIN_nom^2)*VOUT)/(2*Fsw*Lm*((VIN_nom+VOUT)^2))>IOUT,0,1) -> 1 | E69: Flags if the regulator is operating in CCM or DCM (1 = CCM, 0 = DCM)
A70: Dc_VIN_nom | B70: =IF(B52=0,SQRT((2*IOUT*Lm*Fsw*VOUT/(VIN_nom^2))),(VOUT/(VIN_nom+VOUT))) -> 0.72992701 | E70: Duty cycle at the nominal input voltage (CCM) (First order/ ideal equation)
B71: =B70/Fsw -> 1.0427529e-06 | C71: s | E71: On-time of the switch
A72: Input coil currents
A73: ILA_avg_VIN_nom | B73: =(VOUT*IOUT)/(VIN_nom) -> 6.7567568 | C73: A | E73: Average input current at nominal input voltage. 100% Eff assumed
A74: ILArip_VINnom | B74: =(VIN_nom*Dc_VIN_nom)/(Lm*Fsw) -> 0.38581856 | C74: A | E74: Inductor ripple current at VIN nom.
A75: ILAp_VINnom | B75: =IF(B69=0,(VIN_nom*Dc_VIN_nom)/(Lm*Fsw),(ILA_avg_VIN_nom/EFF_est)+(ILArip_VINnom/2)) -> 6.949666 | C75: A | E75: Peak inductor current at VIN nom. Including estimated efficiency
A77: Output coil currents
A78: ILB_avg_VIN_nom | B78: =IOUT -> 2.5 | C78: A | E78: Outout coil inductor calculations
A79: ILBrip_VIN_nom | B79: =(VIN_nom*Dc_VIN_nom)/(Lm*Fsw) -> 0.38581856 | C79: A
A80: ILBp_VIN_nom | B80: =B78+B79/2 -> 2.6929093 | C80: A
A82: Switch currents
A83: ISW_peak_VIN_nom | B83: =ILA_avg_VIN_nom+B78+B79 -> 9.6425753 | C83: A
A85: Maximum input voltage
A86: DCc_mode_VIN_max | B86: =IF(((VIN_nom^2)*VOUT)/(2*Fsw*Lm*((VIN_nom+VOUT)^2))>IOUT,0,1) -> 1 | E86: Flags if the regulator is operating in CCM or DCM (1 = CCM, 0 = DCM)
A87: Dc_VIN_max | B87: =IF(B86=0,SQRT((2*IOUT*Lm*Fsw*VOUT/(VIN_max^2))),(VOUT/(VIN_max+VOUT))) -> 0.44247788 | E87: Duty cycle at the maximum input voltage (CCM) (First order/ ideal equation)
B88: =B87/Fsw -> 6.3211125e-07 | C88: s | E88: On-time of the switch
A89: Input coil currents
A90: ILA_avg_VIN_max | B90: =(VOUT*IOUT)/(VIN_max) -> 1.984127 | C90: A | E90: Average input current at maximum input voltage. 100% Eff assumed
A91: ILArip_VINmax | B91: =(VIN_max*Dc_VIN_max)/(Lm*Fsw) -> 0.79646018 | C91: A | E91: Inductor ripple current at VIN max.
A92: ILAp_VINmax | B92: =ILA_avg_VIN_max+ILArip_VINmax/2 -> 2.3823571 | C92: A | E92: Peak inductor current at VIN max. Including estimated efficiency
A94: Output coil currents | E94: Outout coil inductor calculations
A95: ILB_avg_VIN_max | B95: =IOUT -> 2.5 | C95: A
A96: ILBrip_VIN_max | B96: =(VIN_max*Dc_VIN_max)/(Lm*Fsw) -> 0.79646018 | C96: A
A97: ILBp_VIN_max | B97: =B95+B96/2 -> 2.8982301 | C97: A
A99: Switch currents
A100: ISW_peak_VIN_max | B100: =ILA_avg_VIN_max+B95+B96 -> 5.2805872 | C100: A
A102: Step 3: Current Sense Resistor
A103: Ipk_margin | B103: ='Design Converter'!H26/100 -> 0.3 | E103: Peak current limit margin. 20% is a typical value
A104: Ipk_selected | B104: =(1+Ipk_margin)*ISW_peak_VIN_min -> 14.511905 | C104: A | E104: Selected peak current limit based on margin selection
A106: Rcs_sl_ratio | B106: 0.6 | E106: ratio of down slope to slope compensation. This can be updated to give more margin
A107: Rcs_max | B107: =(1/B106)*((Fsw*Isl*Rsl_int*Lm)/(VOUT)) -> 0.10033333 | C107: Ω | E107: Maximum Rcs based on internal slope compensation. Assuming slope ratio of 1/2
A108: Rcs_wo_sl | B108: =Vcl/Ipk_selected -> 0.010749795 | C108: Ω | E108: Current sense resistor without slope compensation
A110: Rcs_ext_sl_ratio | B110: 0.833 | E110: External Slope compensation ratio. Constant to provide a dead beat response
A111: Rcs_w_sl | B111: =(Lm*Fsw*(Vcl+(Dc_VIN_min*Isl*Rsl_int)))/((Dc_VIN_min*Kslope*VOUT)+(Ipk_selected*Lm*Fsw)) -> 0.014400057 | C111: Ω | E111: Calculated current sense resistor with slope compensation included
A112: R_sl_ext | B112: =(Vcl-(Ipk_selected*Rcs_w_sl))/(Isl*Dc_VIN_min) -> -1601.4868 | C112: Ω | E112: Calculated external slope compensation resistor
A114: Flag_ext_sl | B114: =IF(Rcs_wo_sl>Rcs_max,1,0) -> 0 | E114: External Compensation? (0-no, 1-yes), Only accurate for CCM as DCM doesn't need slope compensation
A115: R_cs_calc | B115: =IF(B52=0,Rcs_wo_sl,IF(B114=0,Rcs_wo_sl,Rcs_w_sl)) -> 0.010749795 | C115: Ω | E115: Current Sense Resistor calculated, id DCM this is going to be the value calculated without slope compensation
A116: R_sl_calc | B116: =IF(B52=0,0,IF(B114=0,0,B112)) -> 0 | C116: Ω | E116: External slope compensation resistor, if DCM operation the external slope compensation is not needed. Should b 0 Ohm
A118: R_cs | B118: ='Design Converter'!H30/1000 -> 0.01 | C118: Ω | E118: Selected current sense Resistor
A119: R_sl | B119: ='Design Converter'!H31 -> 0 | C119: Ω | E119: Selected external slope compensation
A121: sl_vin_min | B121: =(Isl*(Rsl_int+R_sl)*Fsw)/(((VOUT-VIN_min)/Lm)*R_cs) -> 8.6 | C121: V/V | E121: Check to make sure that slope compensation is high enough at the minimum input voltage | K121: =IF(B69=0,0,IF(B121<0.5,1,0)) -> 0
A122: IL_pk | B122: =(Vcl-(Isl*R_sl*Dc_VIN_min))/R_cs -> 15.6 | C122: A | E122: Peak current limit at the minimum input voltage | K122: =IF(IL_pk<Ipk_selected,1,0) -> 0
A123: IL_pk_max | B123: =(Vcl-(Isl*R_sl*Dc_VIN_max))/R_cs -> 15.6 | C123: A | E123: Peak inductor current limit for saturation rating. VIN max due to the possibility of external slope comp
...

Sheet Eff_vs_IOUT
A1: EXCEL Variables Names/Calculations
Y2: Coils are not included in the efficiency calculations
R5: Operation Variables | V5: Duty Cycle | Y5: Inductor (Written of the switch on SEPIC) | AE5: MOSFET | AJ5: Diode | AO5: Other Losses | AR5: Total Losses
R6: VOUT | S6: IOUT | T6: VIN | U6: IIN | V6: DCM/CCM | W6: DC | X6: DC_off | Y6: dIL | Z6: ILPEAK | AA6: ILRMS | AB6: PLac (W) | AC6: PL_DCR (W) | AD6: PL_tot (W) | AE6: ISWAVG (A) | AF6: ISWRMS | AG6: PQ_COND (W) | AH6: PQ_SW (W) | AI6: PQ_tot (W) | AJ6: IDAVG (A) | AK6: IDRMS | AL6: PD_COND (W) | AM6: PD_SW (W) | AN6: PD_tot (W) | AO6: PRCS (W) | AP6: PG_drv (W) | AQ6: PIQ (W) | AR6: PTOTAL (W) | AS6: POUT (W) | AT6: Eff
Q7: 0 | R7: =VOUT -> 10 | S7: =Q7*$O$12 -> 0 | T7: =VIN_var -> 4 | U7: =(R7*S7)/(T7*EFF_est) -> 0 | V7: =IF(S7<((T7^2)*R7)/(2*Fsw*Lm*((T7+R7)^2)),1,2) -> 1 | W7: =CHOOSE(V7,SQRT(2*Lm*R7*S7*Fsw)/T7,R7/(T7+R7)) -> 0 | X7: =CHOOSE(V7,(Lm*Z7*Fsw)/(R7),1-W7) -> 0 | Y7: =(T7*W7)/(Lm*Fsw) -> 0 | Z7: =U7+S7+(Y7) -> 0 | AA7: =CHOOSE(V7,Z7*SQRT((W7+X7)/3),SQRT((U7^2)+((Y7^2)/12))) -> 0 | AB7: 0 | AC7: =(AA7^2)*Rdcr -> 0 | AD7: =AB7+AC7 -> 0 | AE7: =U7*S7*W7 -> 0 | AF7: =AA7 -> 0 | AG7: =(AF7^2)*RDS_on -> 0 | AH7: =(((R7+T7)*(U7+S7))/2)*Fsw*(tr_sw+tf_sw) -> 0 | AI7: =AG7+AH7 -> 0 | AJ7: =S7 -> 0 | AK7: =CHOOSE(V7,Z7*SQRT(X7/3),SQRT(X7*((Z7^2)+((Y7^2)/3)-(Y7*Z7)))) -> 0 | AL7: =S7*Vd_rect -> 0 | AM7: =(R7+T7+Vd_rect)*Qrr*Fsw -> 0 | AN7: =AL7+AM7 -> 0 | AO7: =(AF7^2)*R_cs -> 0 | AP7: =Qg_tot*Vcc*Fsw -> 0.1512 | AQ7: =IQ*T7 -> 0.0132 | AR7: =AO7+AN7+AI7+AP7+AQ7 -> 0.1644 | AS7: =R7*S7 -> 0 | AT7: =(AS7/(AS7+AR7))*100 -> 0
M8: =Fsw -> 700000 | Q8: 1 | R8: =VOUT -> 10 | S8: =Q8*$O$12 -> 0.016666667 | T8: =VIN_var -> 4 | U8: =(R8*S8)/(T8*EFF_est) -> 0.041666667 | V8: =IF(S8<((T8^2)*R8)/(2*Fsw*Lm*((T8+R8)^2)),1,2) -> 1 | W8: =CHOOSE(V8,SQRT(2*Lm*R8*S8*Fsw)/T8,R8/(T8+R8)) -> 0.38188131 | X8: =CHOOSE(V8,(Lm*Z8*Fsw)/(R8),1-W8) -> 0.19358586 | Y8: =(T8*W8)/(Lm*Fsw) -> 0.21821789 | Z8: =U8+S8+(Y8) -> 0.27655122 | AA8: =CHOOSE(V8,Z8*SQRT((W8+X8)/3),SQRT((U8^2)+((Y8^2)/12))) -> 0.12112261 | AB8: 0 | AC8: =(AA8^2)*Rdcr -> 0.00014670687 | AD8: =AB8+AC8 -> 0.00014670687 | AE8: =U8*S8*W8 -> 0.00026519535 | AF8: =AA8 -> 0.12112261 | AG8: =(AF8^2)*RDS_on -> 9.5359468e-05 | AH8: =(((R8+T8)*(U8+S8))/2)*Fsw*(tr_sw+tf_sw) -> -0.001584401 | AI8: =AG8+AH8 -> -0.0014890416 | AJ8: =S8 -> 0.016666667 | AK8: =CHOOSE(V8,Z8*SQRT(X8/3),SQRT(X8*((Z8^2)+((Y8^2)/3)-(Y8*Z8)))) -> 0.07025088 | AL8: =S8*Vd_rect -> 0.0054166667 | AM8: =(R8+T8+Vd_rect)*Qrr*Fsw -> 0 | AN8: =AL8+AM8 -> 0.0054166667 | AO8: =(AF8^2)*R_cs -> 0.00014670687 | AP8: =Qg_tot*Vcc*Fsw -> 0.1512 | AQ8: =IQ*T8 -> 0.0132 | AR8: =AO8+AN8+AI8+AP8+AQ8 -> 0.16847433 | AS8: =R8*S8 -> 0.16666667 | AT8: =(AS8/(AS8+AR8))*100 -> 49.730313
N9: VIN_VAR | O9: =VIN_var -> 4 | P9: V | Q9: 2 | R9: =VOUT -> 10 | S9: =Q9*$O$12 -> 0.033333333 | T9: =VIN_var -> 4 | U9: =(R9*S9)/(T9*EFF_est) -> 0.083333333 | V9: =IF(S9<((T9^2)*R9)/(2*Fsw*Lm*((T9+R9)^2)),1,2) -> 1 | W9: =CHOOSE(V9,SQRT(2*Lm*R9*S9*Fsw)/T9,R9/(T9+R9)) -> 0.54006172 | X9: =CHOOSE(V9,(Lm*Z9*Fsw)/(R9),1-W9) -> 0.29769136 | Y9: =(T9*W9)/(Lm*Fsw) -> 0.3086067 | Z9: =U9+S9+(Y9) -> 0.42527337 | AA9: =CHOOSE(V9,Z9*SQRT((W9+X9)/3),SQRT((U9^2)+((Y9^2)/12))) -> 0.22473234 | AB9: 0 | AC9: =(AA9^2)*Rdcr -> 0.00050504625 | AD9: =AB9+AC9 -> 0.00050504625 | AE9: =U9*S9*W9 -> 0.0015001715 | AF9: =AA9 -> 0.22473234 | AG9: =(AF9^2)*RDS_on -> 0.00032828006 | AH9: =(((R9+T9)*(U9+S9))/2)*Fsw*(tr_sw+tf_sw) -> -0.003168802 | AI9: =AG9+AH9 -> -0.002840522 | AJ9: =S9 -> 0.033333333 | AK9: =CHOOSE(V9,Z9*SQRT(X9/3),SQRT(X9*((Z9^2)+((Y9^2)/3)-(Y9*Z9)))) -> 0.13396479 | AL9: =S9*Vd_rect -> 0.010833333 | AM9: =(R9+T9+Vd_rect)*Qrr*Fsw -> 0 | AN9: =AL9+AM9 -> 0.010833333 | AO9: =(AF9^2)*R_cs -> 0.00050504625 | AP9: =Qg_tot*Vcc*Fsw -> 0.1512 | AQ9: =IQ*T9 -> 0.0132 | AR9: =AO9+AN9+AI9+AP9+AQ9 -> 0.17289786 | AS9: =R9*S9 -> 0.33333333 | AT9: =(AS9/(AS9+AR9))*100 -> 65.846068
Q10: 3 | R10: =VOUT -> 10 | S10: =Q10*$O$12 -> 0.05 | T10: =VIN_var -> 4 | U10: =(R10*S10)/(T10*EFF_est) -> 0.125 | V10: =IF(S10<((T10^2)*R10)/(2*Fsw*Lm*((T10+R10)^2)),1,2) -> 1 | W10: =CHOOSE(V10,SQRT(2*Lm*R10*S10*Fsw)/T10,R10/(T10+R10)) -> 0.66143783 | X10: =CHOOSE(V10,(Lm*Z10*Fsw)/(R10),1-W10) -> 0.38707513 | Y10: =(T10*W10)/(Lm*Fsw) -> 0.37796447 | Z10: =U10+S10+(Y10) -> 0.55296447 | AA10: =CHOOSE(V10,Z10*SQRT((W10+X10)/3),SQRT((U10^2)+((Y10^2)/12))) -> 0.32690646 | AB10: 0 | AC10: =(AA10^2)*Rdcr -> 0.0010686783 | AD10: =AB10+AC10 -> 0.0010686783 | AE10: =U10*S10*W10 -> 0.0041339864 | AF10: =AA10 -> 0.32690646 | AG10: =(AF10^2)*RDS_on -> 0.00069464092 | AH10: =(((R10+T10)*(U10+S10))/2)*Fsw*(tr_sw+tf_sw) -> -0.0047532031 | AI10: =AG10+AH10 -> -0.0040585621 | AJ10: =S10 -> 0.05 | AK10: =CHOOSE(V10,Z10*SQRT(X10/3),SQRT(X10*((Z10^2)+((Y10^2)/3)-(Y10*Z10)))) -> 0.19862515 | AL10: =S10*Vd_rect -> 0.01625 | AM10: =(R10+T10+Vd_rect)*Qrr*Fsw -> 0 | AN10: =AL10+AM10 -> 0.01625 | AO10: =(AF10^2)*R_cs -> 0.0010686783 | AP10: =Qg_tot*Vcc*Fsw -> 0.1512 | AQ10: =IQ*T10 -> 0.0132 | AR10: =AO10+AN10+AI10+AP10+AQ10 -> 0.17766012 | AS10: =R10*S10 -> 0.5 | AT10: =(AS10/(AS10+AR10))*100 -> 73.783301
N11: Steps | O11: 150 | Q11: 4 | R11: =VOUT -> 10 | S11: =Q11*$O$12 -> 0.066666667 | T11: =VIN_var -> 4 | U11: =(R11*S11)/(T11*EFF_est) -> 0.16666667 | V11: =IF(S11<((T11^2)*R11)/(2*Fsw*Lm*((T11+R11)^2)),1,2) -> 2 | W11: =CHOOSE(V11,SQRT(2*Lm*R11*S11*Fsw)/T11,R11/(T11+R11)) -> 0.71428571 | X11: =CHOOSE(V11,(Lm*Z11*Fsw)/(R11),1-W11) -> 0.28571429 | Y11: =(T11*W11)/(Lm*Fsw) -> 0.40816327 | Z11: =U11+S11+(Y11) -> 0.6414966 | AA11: =CHOOSE(V11,Z11*SQRT((W11+X11)/3),SQRT((U11^2)+((Y11^2)/12))) -> 0.20410998 | AB11: 0 | AC11: =(AA11^2)*Rdcr -> 0.00041660882 | AD11: =AB11+AC11 -> 0.00041660882 | AE11: =U11*S11*W11 -> 0.0079365079 | AF11: =AA11 -> 0.20410998 | AG11: =(AF11^2)*RDS_on -> 0.00027079573 | AH11: =(((R11+T11)*(U11+S11))/2)*Fsw*(tr_sw+tf_sw) -> -0.0063376041 | AI11: =AG11+AH11 -> -0.0060668084 | AJ11: =S11 -> 0.066666667 | AK11: =CHOOSE(V11,Z11*SQRT(X11/3),SQRT(X11*((Z11^2)+((Y11^2)/3)-(Y11*Z11)))) -> 0.2421422 | AL11: =S11*Vd_rect -> 0.021666667 | AM11: =(R11+T11+Vd_rect)*Qrr*Fsw -> 0 | AN11: =AL11+AM11 -> 0.021666667 | AO11: =(AF11^2)*R_cs -> 0.00041660882 | AP11: =Qg_tot*Vcc*Fsw -> 0.1512 | AQ11: =IQ*T11 -> 0.0132 | AR11: =AO11+AN11+AI11+AP11+AQ11 -> 0.18041647 | AS11: =R11*S11 -> 0.66666667 | AT11: =(AS11/(AS11+AR11))*100 -> 78.701445
N12: Step size | O12: =IOUT/(O11) -> 0.016666667 | Q12: 5 | R12: =VOUT -> 10 | S12: =Q12*$O$12 -> 0.083333333 | T12: =VIN_var -> 4 | U12: =(R12*S12)/(T12*EFF_est) -> 0.20833333 | V12: =IF(S12<((T12^2)*R12)/(2*Fsw*Lm*((T12+R12)^2)),1,2) -> 2 | W12: =CHOOSE(V12,SQRT(2*Lm*R12*S12*Fsw)/T12,R12/(T12+R12)) -> 0.71428571 | X12: =CHOOSE(V12,(Lm*Z12*Fsw)/(R12),1-W12) -> 0.28571429 | Y12: =(T12*W12)/(Lm*Fsw) -> 0.40816327 | Z12: =U12+S12+(Y12) -> 0.69982993 | AA12: =CHOOSE(V12,Z12*SQRT((W12+X12)/3),SQRT((U12^2)+((Y12^2)/12))) -> 0.23934469 | AB12: 0 | AC12: =(AA12^2)*Rdcr -> 0.00057285882 | AD12: =AB12+AC12 -> 0.00057285882 | AE12: =U12*S12*W12 -> 0.012400794 | AF12: =AA12 -> 0.23934469 | AG12: =(AF12^2)*RDS_on -> 0.00037235823 | AH12: =(((R12+T12)*(U12+S12))/2)*Fsw*(tr_sw+tf_sw) -> -0.0079220051 | AI12: =AG12+AH12 -> -0.0075496469 | AJ12: =S12 -> 0.083333333 | AK12: =CHOOSE(V12,Z12*SQRT(X12/3),SQRT(X12*((Z12^2)+((Y12^2)/3)-(Y12*Z12)))) -> 0.27237027 | AL12: =S12*Vd_rect -> 0.027083333 | AM12: =(R12+T12+Vd_rect)*Qrr*Fsw -> 0 | AN12: =AL12+AM12 -> 0.027083333 | AO12: =(AF12^2)*R_cs -> 0.00057285882 | AP12: =Qg_tot*Vcc*Fsw -> 0.1512 | AQ12: =IQ*T12 -> 0.0132 | AR12: =AO12+AN12+AI12+AP12+AQ12 -> 0.18450655 | AS12: =R12*S12 -> 0.83333333 | AT12: =(AS12/(AS12+AR12))*100 -> 81.872734
Q13: 6 | R13: =VOUT -> 10 | S13: =Q13*$O$12 -> 0.1 | T13: =VIN_var -> 4 | U13: =(R13*S13)/(T13*EFF_est) -> 0.25 | V13: =IF(S13<((T13^2)*R13)/(2*Fsw*Lm*((T13+R13)^2)),1,2) -> 2 | W13: =CHOOSE(V13,SQRT(2*Lm*R13*S13*Fsw)/T13,R13/(T13+R13)) -> 0.71428571 | X13: =CHOOSE(V13,(Lm*Z13*Fsw)/(R13),1-W13) -> 0.28571429 | Y13: =(T13*W13)/(Lm*Fsw) -> 0.40816327 | Z13: =U13+S13+(Y13) -> 0.75816327 | AA13: =CHOOSE(V13,Z13*SQRT((W13+X13)/3),SQRT((U13^2)+((Y13^2)/12))) -> 0.27637493 | AB13: 0 | AC13: =(AA13^2)*Rdcr -> 0.00076383104 | AD13: =AB13+AC13 -> 0.00076383104 | AE13: =U13*S13*W13 -> 0.017857143 | AF13: =AA13 -> 0.27637493 | AG13: =(AF13^2)*RDS_on -> 0.00049649018 | AH13: =(((R13+T13)*(U13+S13))/2)*Fsw*(tr_sw+tf_sw) -> -0.0095064061 | AI13: =AG13+AH13 -> -0.009009916 | AJ13: =S13 -> 0.1 | AK13: =CHOOSE(V13,Z13*SQRT(X13/3),SQRT(X13*((Z13^2)+((Y13^2)/3)-(Y13*Z13)))) -> 0.30279156 | AL13: =S13*Vd_rect -> 0.0325 | AM13: =(R13+T13+Vd_rect)*Qrr*Fsw -> 0 | AN13: =AL13+AM13 -> 0.0325 | AO13: =(AF13^2)*R_cs -> 0.00076383104 | AP13: =Qg_tot*Vcc*Fsw -> 0.1512 | AQ13: =IQ*T13 -> 0.0132 | AR13: =AO13+AN13+AI13+AP13+AQ13 -> 0.18865392 | AS13: =R13*S13 -> 1 | AT13: =(AS13/(AS13+AR13))*100 -> 84.128777
Q14: 7 | R14: =VOUT -> 10 | S14: =Q14*$O$12 -> 0.11666667 | T14: =VIN_var -> 4 | U14: =(R14*S14)/(T14*EFF_est) -> 0.29166667 | V14: =IF(S14<((T14^2)*R14)/(2*Fsw*Lm*((T14+R14)^2)),1,2) -> 2 | W14: =CHOOSE(V14,SQRT(2*Lm*R14*S14*Fsw)/T14,R14/(T14+R14)) -> 0.71428571 | X14: =CHOOSE(V14,(Lm*Z14*Fsw)/(R14),1-W14) -> 0.28571429 | Y14: =(T14*W14)/(Lm*Fsw) -> 0.40816327 | Z14: =U14+S14+(Y14) -> 0.8164966 | AA14: =CHOOSE(V14,Z14*SQRT((W14+X14)/3),SQRT((U14^2)+((Y14^2)/12))) -> 0.31456724 | AB14: 0 | AC14: =(AA14^2)*Rdcr -> 0.00098952549 | AD14: =AB14+AC14 -> 0.00098952549 | AE14: =U14*S14*W14 -> 0.024305556 | AF14: =AA14 -> 0.31456724 | AG14: =(AF14^2)*RDS_on -> 0.00064319157 | AH14: =(((R14+T14)*(U14+S14))/2)*Fsw*(tr_sw+tf_sw) -> -0.011090807 | AI14: =AG14+AH14 -> -0.010447616 | AJ14: =S14 -> 0.11666667 | AK14: =CHOOSE(V14,Z14*SQRT(X14/3),SQRT(X14*((Z14^2)+((Y14^2)/3)-(Y14*Z14)))) -> 0.33335318 | AL14: =S14*Vd_rect -> 0.037916667 | AM14: =(R14+T14+Vd_rect)*Qrr*Fsw -> 0 | AN14: =AL14+AM14 -> 0.037916667 | AO14: =(AF14^2)*R_cs -> 0.00098952549 | AP14: =Qg_tot*Vcc*Fsw -> 0.1512 | AQ14: =IQ*T14 -> 0.0132 | AR14: =AO14+AN14+AI14+AP14+AQ14 -> 0.19285858 | AS14: =R14*S14 -> 1.1666667 | AT14: =(AS14/(AS14+AR14))*100 -> 85.81427
O15: =0.205*2.5/(Lm*Fsw) -> 0.073214286 | Q15: 8 | R15: =VOUT -> 10 | S15: =Q15*$O$12 -> 0.13333333 | T15: =VIN_var -> 4 | U15: =(R15*S15)/(T15*EFF_est) -> 0.33333333 | V15: =IF(S15<((T15^2)*R15)/(2*Fsw*Lm*((T15+R15)^2)),1,2) -> 2 | W15: =CHOOSE(V15,SQRT(2*Lm*R15*S15*Fsw)/T15,R15/(T15+R15)) -> 0.71428571 | X15: =CHOOSE(V15,(Lm*Z15*Fsw)/(R15),1-W15) -> 0.28571429 | Y15: =(T15*W15)/(Lm*Fsw) -> 0.40816327 | Z15: =U15+S15+(Y15) -> 0.87482993 | AA15: =CHOOSE(V15,Z15*SQRT((W15+X15)/3),SQRT((U15^2)+((Y15^2)/12))) -> 0.35354521 | AB15: 0 | AC15: =(AA15^2)*Rdcr -> 0.0012499422 | AD15: =AB15+AC15 -> 0.0012499422 | AE15: =U15*S15*W15 -> 0.031746032 | AF15: =AA15 -> 0.35354521 | AG15: =(AF15^2)*RDS_on -> 0.0008124624 | AH15: =(((R15+T15)*(U15+S15))/2)*Fsw*(tr_sw+tf_sw) -> -0.012675208 | AI15: =AG15+AH15 -> -0.011862746 | AJ15: =S15 -> 0.13333333 | AK15: =CHOOSE(V15,Z15*SQRT(X15/3),SQRT(X15*((Z15^2)+((Y15^2)/3)-(Y15*Z15)))) -> 0.36401977 | AL15: =S15*Vd_rect -> 0.043333333 | AM15: =(R15+T15+Vd_rect)*Qrr*Fsw -> 0 | AN15: =AL15+AM15 -> 0.043333333 | AO15: =(AF15^2)*R_cs -> 0.0012499422 | AP15: =Qg_tot*Vcc*Fsw -> 0.1512 | AQ15: =IQ*T15 -> 0.0132 | AR15: =AO15+AN15+AI15+AP15+AQ15 -> 0.19712053 | AS15: =R15*S15 -> 1.3333333 | AT15: =(AS15/(AS15+AR15))*100 -> 87.120126
Q16: 9 | R16: =VOUT -> 10 | S16: =Q16*$O$12 -> 0.15 | T16: =VIN_var -> 4 | U16: =(R16*S16)/(T16*EFF_est) -> 0.375 | V16: =IF(S16<((T16^2)*R16)/(2*Fsw*Lm*((T16+R16)^2)),1,2) -> 2 | W16: =CHOOSE(V16,SQRT(2*Lm*R16*S16*Fsw)/T16,R16/(T16+R16)) -> 0.71428571 | X16: =CHOOSE(V16,(Lm*Z16*Fsw)/(R16),1-W16) -> 0.28571429 | Y16: =(T16*W16)/(Lm*Fsw) -> 0.40816327 | Z16: =U16+S16+(Y16) -> 0.93316327 | AA16: =CHOOSE(V16,Z16*SQRT((W16+X16)/3),SQRT((U16^2)+((Y16^2)/12))) -> 0.39307519 | AB16: 0 | AC16: =(AA16^2)*Rdcr -> 0.001545081 | AD16: =AB16+AC16 -> 0.001545081 | AE16: =U16*S16*W16 -> 0.040178571 | AF16: =AA16 -> 0.39307519 | AG16: =(AF16^2)*RDS_on -> 0.0010043027 | AH16: =(((R16+T16)*(U16+S16))/2)*Fsw*(tr_sw+tf_sw) -> -0.014259609 | AI16: =AG16+AH16 -> -0.013255307 | AJ16: =S16 -> 0.15 | AK16: =CHOOSE(V16,Z16*SQRT(X16/3),SQRT(X16*((Z16^2)+((Y16^2)/3)-(Y16*Z16)))) -> 0.39476689 | AL16: =S16*Vd_rect -> 0.04875 | AM16: =(R16+T16+Vd_rect)*Qrr*Fsw -> 0 | AN16: =AL16+AM16 -> 0.04875 | AO16: =(AF16^2)*R_cs -> 0.001545081 | AP16: =Qg_tot*Vcc*Fsw -> 0.1512 | AQ16: =IQ*T16 -> 0.0132 | AR16: =AO16+AN16+AI16+AP16+AQ16 -> 0.20143977 | AS16: =R16*S16 -> 1.5 | AT16: =(AS16/(AS16+AR16))*100 -> 88.160629
Q17: 10 | R17: =VOUT -> 10 | S17: =Q17*$O$12 -> 0.16666667 | T17: =VIN_var -> 4 | U17: =(R17*S17)/(T17*EFF_est) -> 0.41666667 | V17: =IF(S17<((T17^2)*R17)/(2*Fsw*Lm*((T17+R17)^2)),1,2) -> 2 | W17: =CHOOSE(V17,SQRT(2*Lm*R17*S17*Fsw)/T17,R17/(T17+R17)) -> 0.71428571 | X17: =CHOOSE(V17,(Lm*Z17*Fsw)/(R17),1-W17) -> 0.28571429 | Y17: =(T17*W17)/(Lm*Fsw) -> 0.40816327 | Z17: =U17+S17+(Y17) -> 0.9914966 | AA17: =CHOOSE(V17,Z17*SQRT((W17+X17)/3),SQRT((U17^2)+((Y17^2)/12))) -> 0.43300602 | AB17: 0 | AC17: =(AA17^2)*Rdcr -> 0.0018749422 | AD17: =AB17+AC17 -> 0.0018749422 | AE17: =U17*S17*W17 -> 0.049603175 | AF17: =AA17 -> 0.43300602 | AG17: =(AF17^2)*RDS_on -> 0.0012187124 | AH17: =(((R17+T17)*(U17+S17))/2)*Fsw*(tr_sw+tf_sw) -> -0.01584401 | AI17: =AG17+AH17 -> -0.014625298 | AJ17: =S17 -> 0.16666667 | AK17: =CHOOSE(V17,Z17*SQRT(X17/3),SQRT(X17*((Z17^2)+((Y17^2)/3)-(Y17*Z17)))) -> 0.42557706 | AL17: =S17*Vd_rect -> 0.054166667 | AM17: =(R17+T17+Vd_rect)*Qrr*Fsw -> 0 | AN17: =AL17+AM17 -> 0.054166667 | AO17: =(AF17^2)*R_cs -> 0.0018749422 | AP17: =Qg_tot*Vcc*Fsw -> 0.1512 | AQ17: =IQ*T17 -> 0.0132 | AR17: =AO17+AN17+AI17+AP17+AQ17 -> 0.20581631 | AS17: =R17*S17 -> 1.6666667 | AT17: =(AS17/(AS17+AR17))*100 -> 89.008375
Q18: 11 | R18: =VOUT -> 10 | S18: =Q18*$O$12 -> 0.18333333 | T18: =VIN_var -> 4 | U18: =(R18*S18)/(T18*EFF_est) -> 0.45833333 | V18: =IF(S18<((T18^2)*R18)/(2*Fsw*Lm*((T18+R18)^2)),1,2) -> 2 | W18: =CHOOSE(V18,SQRT(2*Lm*R18*S18*Fsw)/T18,R18/(T18+R18)) -> 0.71428571 | X18: =CHOOSE(V18,(Lm*Z18*Fsw)/(R18),1-W18) -> 0.28571429 | Y18: =(T18*W18)/(Lm*Fsw) -> 0.40816327 | Z18: =U18+S18+(Y18) -> 1.0498299 | AA18: =CHOOSE(V18,Z18*SQRT((W18+X18)/3),SQRT((U18^2)+((Y18^2)/12))) -> 0.47323625 | AB18: 0 | AC18: =(AA18^2)*Rdcr -> 0.0022395255 | AD18: =AB18+AC18 -> 0.0022395255 | AE18: =U18*S18*W18 -> 0.060019841 | AF18: =AA18 -> 0.47323625 | AG18: =(AF18^2)*RDS_on -> 0.0014556916 | AH18: =(((R18+T18)*(U18+S18))/2)*Fsw*(tr_sw+tf_sw) -> -0.017428411 | AI18: =AG18+AH18 -> -0.01597272 | AJ18: =S18 -> 0.18333333 | AK18: =CHOOSE(V18,Z18*SQRT(X18/3),SQRT(X18*((Z18^2)+((Y18^2)/3)-(Y18*Z18)))) -> 0.45643754 | AL18: =S18*Vd_rect -> 0.059583333 | AM18: =(R18+T18+Vd_rect)*Qrr*Fsw -> 0 | AN18: =AL18+AM18 -> 0.059583333 | AO18: =(AF18^2)*R_cs -> 0.0022395255 | AP18: =Qg_tot*Vcc*Fsw -> 0.1512 | AQ18: =IQ*T18 -> 0.0132 | AR18: =AO18+AN18+AI18+AP18+AQ18 -> 0.21025014 | AS18: =R18*S18 -> 1.8333333 | AT18: =(AS18/(AS18+AR18))*100 -> 89.711693
Q19: 12 | R19: =VOUT -> 10 | S19: =Q19*$O$12 -> 0.2 | T19: =VIN_var -> 4 | U19: =(R19*S19)/(T19*EFF_est) -> 0.5 | V19: =IF(S19<((T19^2)*R19)/(2*Fsw*Lm*((T19+R19)^2)),1,2) -> 2 | W19: =CHOOSE(V19,SQRT(2*Lm*R19*S19*Fsw)/T19,R19/(T19+R19)) -> 0.71428571 | X19: =CHOOSE(V19,(Lm*Z19*Fsw)/(R19),1-W19) -> 0.28571429 | Y19: =(T19*W19)/(Lm*Fsw) -> 0.40816327 | Z19: =U19+S19+(Y19) -> 1.1081633 | AA19: =CHOOSE(V19,Z19*SQRT((W19+X19)/3),SQRT((U19^2)+((Y19^2)/12))) -> 0.51369554 | AB19: 0 | AC19: =(AA19^2)*Rdcr -> 0.002638831 | AD19: =AB19+AC19 -> 0.002638831 | AE19: =U19*S19*W19 -> 0.071428571 | AF19: =AA19 -> 0.51369554 | AG19: =(AF19^2)*RDS_on -> 0.0017152402 | AH19: =(((R19+T19)*(U19+S19))/2)*Fsw*(tr_sw+tf_sw) -> -0.019012812 | AI19: =AG19+AH19 -> -0.017297572 | AJ19: =S19 -> 0.2 | AK19: =CHOOSE(V19,Z19*SQRT(X19/3),SQRT(X19*((Z19^2)+((Y19^2)/3)-(Y19*Z19)))) -> 0.48733875 | AL19: =S19*Vd_rect -> 0.065 | AM19: =(R19+T19+Vd_rect)*Qrr*Fsw -> 0 | AN19: =AL19+AM19 -> 0.065 | AO19: =(AF19^2)*R_cs -> 0.002638831 | AP19: =Qg_tot*Vcc*Fsw -> 0.1512 | AQ19: =IQ*T19 -> 0.0132 | AR19: =AO19+AN19+AI19+AP19+AQ19 -> 0.21474126 | AS19: =R19*S19 -> 2 | AT19: =(AS19/(AS19+AR19))*100 -> 90.304002
Q20: 13 | R20: =VOUT -> 10 | S20: =Q20*$O$12 -> 0.21666667 | T20: =VIN_var -> 4 | U20: =(R20*S20)/(T20*EFF_est) -> 0.54166667 | V20: =IF(S20<((T20^2)*R20)/(2*Fsw*Lm*((T20+R20)^2)),1,2) -> 2 | W20: =CHOOSE(V20,SQRT(2*Lm*R20*S20*Fsw)/T20,R20/(T20+R20)) -> 0.71428571 | X20: =CHOOSE(V20,(Lm*Z20*Fsw)/(R20),1-W20) -> 0.28571429 | Y20: =(T20*W20)/(Lm*Fsw) -> 0.40816327 | Z20: =CHOOSE(V20,Y20,U20+S20+(Y20)) -> 1.1664966 | AA20: =CHOOSE(V20,Z20*SQRT((W20+X20)/3),SQRT((U20^2)+((Y20^2)/12))) -> 0.55433373 | AB20: 0 | AC20: =(AA20^2)*Rdcr -> 0.0030728588 | AD20: =AB20+AC20 -> 0.0030728588 | AE20: =U20*S20*W20 -> 0.083829365 | AF20: =AA20 -> 0.55433373 | AG20: =(AF20^2)*RDS_on -> 0.0019973582 | AH20: =(((R20+T20)*(U20+S20))/2)*Fsw*(tr_sw+tf_sw) -> -0.020597213 | AI20: =AG20+AH20 -> -0.018599855 | AJ20: =S20 -> 0.21666667 | AK20: =CHOOSE(V20,Z20*SQRT(X20/3),SQRT(X20*((Z20^2)+((Y20^2)/3)-(Y20*Z20)))) -> 0.51827342 | AL20: =S20*Vd_rect -> 0.070416667 | AM20: =(R20+T20+Vd_rect)*Qrr*Fsw -> 0 | AN20: =AL20+AM20 -> 0.070416667 | AO20: =(AF20^2)*R_cs -> 0.0030728588 | AP20: =Qg_tot*Vcc*Fsw -> 0.1512 | AQ20: =IQ*T20 -> 0.0132 | AR20: =AO20+AN20+AI20+AP20+AQ20 -> 0.21928967 | AS20: =R20*S20 -> 2.1666667 | AT20: =(AS20/(AS20+AR20))*100 -> 90.80915
Q21: 14 | R21: =VOUT -> 10 | S21: =Q21*$O$12 -> 0.23333333 | T21: =VIN_var -> 4 | U21: =(R21*S21)/(T21*EFF_est) -> 0.58333333 | V21: =IF(S21<((T21^2)*R21)/(2*Fsw*Lm*((T21+R21)^2)),1,2) -> 2 | W21: =CHOOSE(V21,SQRT(2*Lm*R21*S21*Fsw)/T21,R21/(T21+R21)) -> 0.71428571 | X21: =CHOOSE(V21,(Lm*Z21*Fsw)/(R21),1-W21) -> 0.28571429 | Y21: =(T21*W21)/(Lm*Fsw) -> 0.40816327 | Z21: =CHOOSE(V21,Y21,U21+S21+(Y21)) -> 1.2248299 | AA21: =CHOOSE(V21,Z21*SQRT((W21+X21)/3),SQRT((U21^2)+((Y21^2)/12))) -> 0.59511418 | AB21: 0 | AC21: =(AA21^2)*Rdcr -> 0.0035416088 | AD21: =AB21+AC21 -> 0.0035416088 | AE21: =U21*S21*W21 -> 0.097222222 | AF21: =AA21 -> 0.59511418 | AG21: =(AF21^2)*RDS_on -> 0.0023020457 | AH21: =(((R21+T21)*(U21+S21))/2)*Fsw*(tr_sw+tf_sw) -> -0.022181614 | AI21: =AG21+AH21 -> -0.019879569 | AJ21: =S21 -> 0.23333333 | AK21: =CHOOSE(V21,Z21*SQRT(X21/3),SQRT(X21*((Z21^2)+((Y21^2)/3)-(Y21*Z21)))) -> 0.54923588 | AL21: =S21*Vd_rect -> 0.075833333 | AM21: =(R21+T21+Vd_rect)*Qrr*Fsw -> 0 | AN21: =AL21+AM21 -> 0.075833333 | AO21: =(AF21^2)*R_cs -> 0.0035416088 | AP21: =Qg_tot*Vcc*Fsw -> 0.1512 | AQ21: =IQ*T21 -> 0.0132 | AR21: =AO21+AN21+AI21+AP21+AQ21 -> 0.22389537 | AS21: =R21*S21 -> 2.3333333 | AT21: =(AS21/(AS21+AR21))*100 -> 91.244609
Q22: 15 | R22: =VOUT -> 10 | S22: =Q22*$O$12 -> 0.25 | T22: =VIN_var -> 4 | U22: =(R22*S22)/(T22*EFF_est) -> 0.625 | V22: =IF(S22<((T22^2)*R22)/(2*Fsw*Lm*((T22+R22)^2)),1,2) -> 2 | W22: =CHOOSE(V22,SQRT(2*Lm*R22*S22*Fsw)/T22,R22/(T22+R22)) -> 0.71428571 | X22: =CHOOSE(V22,(Lm*Z22*Fsw)/(R22),1-W22) -> 0.28571429 | Y22: =(T22*W22)/(Lm*Fsw) -> 0.40816327 | Z22: =CHOOSE(V22,Y22,U22+S22+(Y22)) -> 1.2831633 | AA22: =CHOOSE(V22,Z22*SQRT((W22+X22)/3),SQRT((U22^2)+((Y22^2)/12))) -> 0.63600952 | AB22: 0 | AC22: =(AA22^2)*Rdcr -> 0.004045081 | AD22: =AB22+AC22 -> 0.004045081 | AE22: =U22*S22*W22 -> 0.11160714 | AF22: =AA22 -> 0.63600952 | AG22: =(AF22^2)*RDS_on -> 0.0026293027 | AH22: =(((R22+T22)*(U22+S22))/2)*Fsw*(tr_sw+tf_sw) -> -0.023766015 | AI22: =AG22+AH22 -> -0.021136713 | AJ22: =S22 -> 0.25 | AK22: =CHOOSE(V22,Z22*SQRT(X22/3),SQRT(X22*((Z22^2)+((Y22^2)/3)-(Y22*Z22)))) -> 0.5802217 | AL22: =S22*Vd_rect -> 0.08125 | AM22: =(R22+T22+Vd_rect)*Qrr*Fsw -> 0 | AN22: =AL22+AM22 -> 0.08125 | AO22: =(AF22^2)*R_cs -> 0.004045081 | AP22: =Qg_tot*Vcc*Fsw -> 0.1512 | AQ22: =IQ*T22 -> 0.0132 | AR22: =AO22+AN22+AI22+AP22+AQ22 -> 0.22855837 | AS22: =R22*S22 -> 2.5 | AT22: =(AS22/(AS22+AR22))*100 -> 91.623475
Q23: 16 | R23: =VOUT -> 10 | S23: =Q23*$O$12 -> 0.26666667 | T23: =VIN_var -> 4 | U23: =(R23*S23)/(T23*EFF_est) -> 0.66666667 | V23: =IF(S23<((T23^2)*R23)/(2*Fsw*Lm*((T23+R23)^2)),1,2) -> 2 | W23: =CHOOSE(V23,SQRT(2*Lm*R23*S23*Fsw)/T23,R23/(T23+R23)) -> 0.71428571 | X23: =CHOOSE(V23,(Lm*Z23*Fsw)/(R23),1-W23) -> 0.28571429 | Y23: =(T23*W23)/(Lm*Fsw) -> 0.40816327 | Z23: =CHOOSE(V23,Y23,U23+S23+(Y23)) -> 1.3414966 | AA23: =CHOOSE(V23,Z23*SQRT((W23+X23)/3),SQRT((U23^2)+((Y23^2)/12))) -> 0.67699893 | AB23: 0 | AC23: =(AA23^2)*Rdcr -> 0.0045832755 | AD23: =AB23+AC23 -> 0.0045832755 | AE23: =U23*S23*W23 -> 0.12698413 | AF23: =AA23 -> 0.67699893 | AG23: =(AF23^2)*RDS_on -> 0.0029791291 | AH23: =(((R23+T23)*(U23+S23))/2)*Fsw*(tr_sw+tf_sw) -> -0.025350416 | AI23: =AG23+AH23 -> -0.022371287 | AJ23: =S23 -> 0.26666667 | AK23: =CHOOSE(V23,Z23*SQRT(X23/3),SQRT(X23*((Z23^2)+((Y23^2)/3)-(Y23*Z23)))) -> 0.61122732 | AL23: =S23*Vd_rect -> 0.086666667 | AM23: =(R23+T23+Vd_rect)*Qrr*Fsw -> 0 | AN23: =AL23+AM23 -> 0.086666667 | AO23: =(AF23^2)*R_cs -> 0.0045832755 | AP23: =Qg_tot*Vcc*Fsw -> 0.1512 | AQ23: =IQ*T23 -> 0.0132 | AR23: =AO23+AN23+AI23+AP23+AQ23 -> 0.23327865 | AS23: =R23*S23 -> 2.6666667 | AT23: =(AS23/(AS23+AR23))*100 -> 91.955757
Q24: 17 | R24: =VOUT -> 10 | S24: =Q24*$O$12 -> 0.28333333 | T24: =VIN_var -> 4 | U24: =(R24*S24)/(T24*EFF_est) -> 0.70833333 | V24: =IF(S24<((T24^2)*R24)/(2*Fsw*Lm*((T24+R24)^2)),1,2) -> 2 | W24: =CHOOSE(V24,SQRT(2*Lm*R24*S24*Fsw)/T24,R24/(T24+R24)) -> 0.71428571 | X24: =CHOOSE(V24,(Lm*Z24*Fsw)/(R24),1-W24) -> 0.28571429 | Y24: =(T24*W24)/(Lm*Fsw) -> 0.40816327 | Z24: =CHOOSE(V24,Y24,U24+S24+(Y24)) -> 1.3998299 | AA24: =CHOOSE(V24,Z24*SQRT((W24+X24)/3),SQRT((U24^2)+((Y24^2)/12))) -> 0.7180663 | AB24: 0 | AC24: =(AA24^2)*Rdcr -> 0.0051561922 | AD24: =AB24+AC24 -> 0.0051561922 | AE24: =U24*S24*W24 -> 0.14335317 | AF24: =AA24 -> 0.7180663 | AG24: =(AF24^2)*RDS_on -> 0.0033515249 | AH24: =(((R24+T24)*(U24+S24))/2)*Fsw*(tr_sw+tf_sw) -> -0.026934817 | AI24: =AG24+AH24 -> -0.023583292 | AJ24: =S24 -> 0.28333333 | AK24: =CHOOSE(V24,Z24*SQRT(X24/3),SQRT(X24*((Z24^2)+((Y24^2)/3)-(Y24*Z24)))) -> 0.64224986 | AL24: =S24*Vd_rect -> 0.092083333 | AM24: =(R24+T24+Vd_rect)*Qrr*Fsw -> 0 | AN24: =AL24+AM24 -> 0.092083333 | AO24: =(AF24^2)*R_cs -> 0.0051561922 | AP24: =Qg_tot*Vcc*Fsw -> 0.1512 | AQ24: =IQ*T24 -> 0.0132 | AR24: =AO24+AN24+AI24+AP24+AQ24 -> 0.23805623 | AS24: =R24*S24 -> 2.8333333 | AT24: =(AS24/(AS24+AR24))*100 -> 92.249234
Q25: 18 | R25: =VOUT -> 10 | S25: =Q25*$O$12 -> 0.3 | T25: =VIN_var -> 4 | U25: =(R25*S25)/(T25*EFF_est) -> 0.75 | V25: =IF(S25<((T25^2)*R25)/(2*Fsw*Lm*((T25+R25)^2)),1,2) -> 2 | W25: =CHOOSE(V25,SQRT(2*Lm*R25*S25*Fsw)/T25,R25/(T25+R25)) -> 0.71428571 | X25: =CHOOSE(V25,(Lm*Z25*Fsw)/(R25),1-W25) -> 0.28571429 | Y25: =(T25*W25)/(Lm*Fsw) -> 0.40816327 | Z25: =CHOOSE(V25,Y25,U25+S25+(Y25)) -> 1.4581633 | AA25: =CHOOSE(V25,Z25*SQRT((W25+X25)/3),SQRT((U25^2)+((Y25^2)/12))) -> 0.75919899 | AB25: 0 | AC25: =(AA25^2)*Rdcr -> 0.005763831 | AD25: =AB25+AC25 -> 0.005763831 | AE25: =U25*S25*W25 -> 0.16071429 | AF25: =AA25 -> 0.75919899 | AG25: =(AF25^2)*RDS_on -> 0.0037464902 | AH25: =(((R25+T25)*(U25+S25))/2)*Fsw*(tr_sw+tf_sw) -> -0.028519218 | AI25: =AG25+AH25 -> -0.024772728 | AJ25: =S25 -> 0.3 | AK25: =CHOOSE(V25,Z25*SQRT(X25/3),SQRT(X25*((Z25^2)+((Y25^2)/3)-(Y25*Z25)))) -> 0.673287 | AL25: =S25*Vd_rect -> 0.0975 | AM25: =(R25+T25+Vd_rect)*Qrr*Fsw -> 0 | AN25: =AL25+AM25 -> 0.0975 | AO25: =(AF25^2)*R_cs -> 0.005763831 | AP25: =Qg_tot*Vcc*Fsw -> 0.1512 | AQ25: =IQ*T25 -> 0.0132 | AR25: =AO25+AN25+AI25+AP25+AQ25 -> 0.2428911 | AS25: =R25*S25 -> 3 | AT25: =(AS25/(AS25+AR25))*100 -> 92.510044
Q26: 19 | R26: =VOUT -> 10 | S26: =Q26*$O$12 -> 0.31666667 | T26: =VIN_var -> 4 | U26: =(R26*S26)/(T26*EFF_est) -> 0.79166667 | V26: =IF(S26<((T26^2)*R26)/(2*Fsw*Lm*((T26+R26)^2)),1,2) -> 2 | W26: =CHOOSE(V26,SQRT(2*Lm*R26*S26*Fsw)/T26,R26/(T26+R26)) -> 0.71428571 | X26: =CHOOSE(V26,(Lm*Z26*Fsw)/(R26),1-W26) -> 0.28571429 | Y26: =(T26*W26)/(Lm*Fsw) -> 0.40816327 | Z26: =CHOOSE(V26,Y26,U26+S26+(Y26)) -> 1.5164966 | AA26: =CHOOSE(V26,Z26*SQRT((W26+X26)/3),SQRT((U26^2)+((Y26^2)/12))) -> 0.80038692 | AB26: 0 | AC26: =(AA26^2)*Rdcr -> 0.0064061922 | AD26: =AB26+AC26 -> 0.0064061922 | AE26: =U26*S26*W26 -> 0.17906746 | AF26: =AA26 -> 0.80038692 | AG26: =(AF26^2)*RDS_on -> 0.0041640249 | AH26: =(((R26+T26)*(U26+S26))/2)*Fsw*(tr_sw+tf_sw) -> -0.030103619 | AI26: =AG26+AH26 -> -0.025939595 | AJ26: =S26 -> 0.31666667 | AK26: =CHOOSE(V26,Z26*SQRT(X26/3),SQRT(X26*((Z26^2)+((Y26^2)/3)-(Y26*Z26)))) -> 0.7043368 | AL26: =S26*Vd_rect -> 0.10291667 | AM26: =(R26+T26+Vd_rect)*Qrr*Fsw -> 0 | AN26: =AL26+AM26 -> 0.10291667 | AO26: =(AF26^2)*R_cs -> 0.0064061922 | AP26: =Qg_tot*Vcc*Fsw -> 0.1512 | AQ26: =IQ*T26 -> 0.0132 | AR26: =AO26+AN26+AI26+AP26+AQ26 -> 0.24778326 | AS26: =R26*S26 -> 3.1666667 | AT26: =(AS26/(AS26+AR26))*100 -> 92.743099
Q27: 20 | R27: =VOUT -> 10 | S27: =Q27*$O$12 -> 0.33333333 | T27: =VIN_var -> 4 | U27: =(R27*S27)/(T27*EFF_est) -> 0.83333333 | V27: =IF(S27<((T27^2)*R27)/(2*Fsw*Lm*((T27+R27)^2)),1,2) -> 2 | W27: =CHOOSE(V27,SQRT(2*Lm*R27*S27*Fsw)/T27,R27/(T27+R27)) -> 0.71428571 | X27: =CHOOSE(V27,(Lm*Z27*Fsw)/(R27),1-W27) -> 0.28571429 | Y27: =(T27*W27)/(Lm*Fsw) -> 0.40816327 | Z27: =CHOOSE(V27,Y27,U27+S27+(Y27)) -> 1.5748299 | AA27: =CHOOSE(V27,Z27*SQRT((W27+X27)/3),SQRT((U27^2)+((Y27^2)/12))) -> 0.84162197 | AB27: 0 | AC27: =(AA27^2)*Rdcr -> 0.0070832755 | AD27: =AB27+AC27 -> 0.0070832755 | AE27: =U27*S27*W27 -> 0.1984127 | AF27: =AA27 -> 0.84162197 | AG27: =(AF27^2)*RDS_on -> 0.0046041291 | AH27: =(((R27+T27)*(U27+S27))/2)*Fsw*(tr_sw+tf_sw) -> -0.03168802 | AI27: =AG27+AH27 -> -0.027083891 | AJ27: =S27 -> 0.33333333 | AK27: =CHOOSE(V27,Z27*SQRT(X27/3),SQRT(X27*((Z27^2)+((Y27^2)/3)-(Y27*Z27)))) -> 0.73539766 | AL27: =S27*Vd_rect -> 0.10833333 | AM27: =(R27+T27+Vd_rect)*Qrr*Fsw -> 0 | AN27: =AL27+AM27 -> 0.10833333 | AO27: =(AF27^2)*R_cs -> 0.0070832755 | AP27: =Qg_tot*Vcc*Fsw -> 0.1512 | AQ27: =IQ*T27 -> 0.0132 | AR27: =AO27+AN27+AI27+AP27+AQ27 -> 0.25273272 | AS27: =R27*S27 -> 3.3333333 | AT27: =(AS27/(AS27+AR27))*100 -> 92.952369
Q28: 21 | R28: =VOUT -> 10 | S28: =Q28*$O$12 -> 0.35 | T28: =VIN_var -> 4 | U28: =(R28*S28)/(T28*EFF_est) -> 0.875 | V28: =IF(S28<((T28^2)*R28)/(2*Fsw*Lm*((T28+R28)^2)),1,2) -> 2 | W28: =CHOOSE(V28,SQRT(2*Lm*R28*S28*Fsw)/T28,R28/(T28+R28)) -> 0.71428571 | X28: =CHOOSE(V28,(Lm*Z28*Fsw)/(R28),1-W28) -> 0.28571429 | Y28: =(T28*W28)/(Lm*Fsw) -> 0.40816327 | Z28: =CHOOSE(V28,Y28,U28+S28+(Y28)) -> 1.6331633 | AA28: =CHOOSE(V28,Z28*SQRT((W28+X28)/3),SQRT((U28^2)+((Y28^2)/12))) -> 0.88289756 | AB28: 0 | AC28: =(AA28^2)*Rdcr -> 0.007795081 | AD28: =AB28+AC28 -> 0.007795081 | AE28: =U28*S28*W28 -> 0.21875 | AF28: =AA28 -> 0.88289756 | AG28: =(AF28^2)*RDS_on -> 0.0050668027 | AH28: =(((R28+T28)*(U28+S28))/2)*Fsw*(tr_sw+tf_sw) -> -0.033272421 | AI28: =AG28+AH28 -> -0.028205619 | AJ28: =S28 -> 0.35 | AK28: =CHOOSE(V28,Z28*SQRT(X28/3),SQRT(X28*((Z28^2)+((Y28^2)/3)-(Y28*Z28)))) -> 0.76646823 | AL28: =S28*Vd_rect -> 0.11375 | AM28: =(R28+T28+Vd_rect)*Qrr*Fsw -> 0 | AN28: =AL28+AM28 -> 0.11375 | AO28: =(AF28^2)*R_cs -> 0.007795081 | AP28: =Qg_tot*Vcc*Fsw -> 0.1512 | AQ28: =IQ*T28 -> 0.0132 | AR28: =AO28+AN28+AI28+AP28+AQ28 -> 0.25773946 | AS28: =R28*S28 -> 3.5 | AT28: =(AS28/(AS28+AR28))*100 -> 93.141103
Q29: 22 | R29: =VOUT -> 10 | S29: =Q29*$O$12 -> 0.36666667 | T29: =VIN_var -> 4 | U29: =(R29*S29)/(T29*EFF_est) -> 0.91666667 | V29: =IF(S29<((T29^2)*R29)/(2*Fsw*Lm*((T29+R29)^2)),1,2) -> 2 | W29: =CHOOSE(V29,SQRT(2*Lm*R29*S29*Fsw)/T29,R29/(T29+R29)) -> 0.71428571 | X29: =CHOOSE(V29,(Lm*Z29*Fsw)/(R29),1-W29) -> 0.28571429 | Y29: =(T29*W29)/(Lm*Fsw) -> 0.40816327 | Z29: =CHOOSE(V29,Y29,U29+S29+(Y29)) -> 1.6914966 | AA29: =CHOOSE(V29,Z29*SQRT((W29+X29)/3),SQRT((U29^2)+((Y29^2)/12))) -> 0.92420825 | AB29: 0 | AC29: =(AA29^2)*Rdcr -> 0.0085416088 | AD29: =AB29+AC29 -> 0.0085416088 | AE29: =U29*S29*W29 -> 0.24007937 | AF29: =AA29 -> 0.92420825 | AG29: =(AF29^2)*RDS_on -> 0.0055520457 | AH29: =(((R29+T29)*(U29+S29))/2)*Fsw*(tr_sw+tf_sw) -> -0.034856823 | AI29: =AG29+AH29 -> -0.029304777 | AJ29: =S29 -> 0.36666667 | AK29: =CHOOSE(V29,Z29*SQRT(X29/3),SQRT(X29*((Z29^2)+((Y29^2)/3)-(Y29*Z29)))) -> 0.79754738 | AL29: =S29*Vd_rect -> 0.11916667 | AM29: =(R29+T29+Vd_rect)*Qrr*Fsw -> 0 | AN29: =AL29+AM29 -> 0.11916667 | AO29: =(AF29^2)*R_cs -> 0.0085416088 | AP29: =Qg_tot*Vcc*Fsw -> 0.1512 | AQ29: =IQ*T29 -> 0.0132 | AR29: =AO29+AN29+AI29+AP29+AQ29 -> 0.2628035 | AS29: =R29*S29 -> 3.6666667 | AT29: =(AS29/(AS29+AR29))*100 -> 93.311986
Q30: 23 | R30: =VOUT -> 10 | S30: =Q30*$O$12 -> 0.38333333 | T30: =VIN_var -> 4 | U30: =(R30*S30)/(T30*EFF_est) -> 0.95833333 | V30: =IF(S30<((T30^2)*R30)/(2*Fsw*Lm*((T30+R30)^2)),1,2) -> 2 | W30: =CHOOSE(V30,SQRT(2*Lm*R30*S30*Fsw)/T30,R30/(T30+R30)) -> 0.71428571 | X30: =CHOOSE(V30,(Lm*Z30*Fsw)/(R30),1-W30) -> 0.28571429 | Y30: =(T30*W30)/(Lm*Fsw) -> 0.40816327 | Z30: =CHOOSE(V30,Y30,U30+S30+(Y30)) -> 1.7498299 | AA30: =CHOOSE(V30,Z30*SQRT((W30+X30)/3),SQRT((U30^2)+((Y30^2)/12))) -> 0.96554952 | AB30: 0 | AC30: =(AA30^2)*Rdcr -> 0.0093228588 | AD30: =AB30+AC30 -> 0.0093228588 | AE30: =U30*S30*W30 -> 0.26240079 | AF30: =AA30 -> 0.96554952 | AG30: =(AF30^2)*RDS_on -> 0.0060598582 | AH30: =(((R30+T30)*(U30+S30))/2)*Fsw*(tr_sw+tf_sw) -> -0.036441224 | AI30: =AG30+AH30 -> -0.030381365 | AJ30: =S30 -> 0.38333333 | AK30: =CHOOSE(V30,Z30*SQRT(X30/3),SQRT(X30*((Z30^2)+((Y30^2)/3)-(Y30*Z30)))) -> 0.82863414 | AL30: =S30*Vd_rect -> 0.12458333 | AM30: =(R30+T30+Vd_rect)*Qrr*Fsw -> 0 | AN30: =AL30+AM30 -> 0.12458333 | AO30: =(AF30^2)*R_cs -> 0.0093228588 | AP30: =Qg_tot*Vcc*Fsw -> 0.1512 | AQ30: =IQ*T30 -> 0.0132 | AR30: =AO30+AN30+AI30+AP30+AQ30 -> 0.26792483 | AS30: =R30*S30 -> 3.8333333 | AT30: =(AS30/(AS30+AR30))*100 -> 93.467253
Q31: 24 | R31: =VOUT -> 10 | S31: =Q31*$O$12 -> 0.4 | T31: =VIN_var -> 4 | U31: =(R31*S31)/(T31*EFF_est) -> 1 | V31: =IF(S31<((T31^2)*R31)/(2*Fsw*Lm*((T31+R31)^2)),1,2) -> 2 | W31: =CHOOSE(V31,SQRT(2*Lm*R31*S31*Fsw)/T31,R31/(T31+R31)) -> 0.71428571 | X31: =CHOOSE(V31,(Lm*Z31*Fsw)/(R31),1-W31) -> 0.28571429 | Y31: =(T31*W31)/(Lm*Fsw) -> 0.40816327 | Z31: =CHOOSE(V31,Y31,U31+S31+(Y31)) -> 1.8081633 | AA31: =CHOOSE(V31,Z31*SQRT((W31+X31)/3),SQRT((U31^2)+((Y31^2)/12))) -> 1.0069176 | AB31: 0 | AC31: =(AA31^2)*Rdcr -> 0.010138831 | AD31: =AB31+AC31 -> 0.010138831 | AE31: =U31*S31*W31 -> 0.28571429 | AF31: =AA31 -> 1.0069176 | AG31: =(AF31^2)*RDS_on -> 0.0065902402 | AH31: =(((R31+T31)*(U31+S31))/2)*Fsw*(tr_sw+tf_sw) -> -0.038025625 | AI31: =AG31+AH31 -> -0.031435384 | AJ31: =S31 -> 0.4 | AK31: =CHOOSE(V31,Z31*SQRT(X31/3),SQRT(X31*((Z31^2)+((Y31^2)/3)-(Y31*Z31)))) -> 0.8597277 | AL31: =S31*Vd_rect -> 0.13 | AM31: =(R31+T31+Vd_rect)*Qrr*Fsw -> 0 | AN31: =AL31+AM31 -> 0.13 | AO31: =(AF31^2)*R_cs -> 0.010138831 | AP31: =Qg_tot*Vcc*Fsw -> 0.1512 | AQ31: =IQ*T31 -> 0.0132 | AR31: =AO31+AN31+AI31+AP31+AQ31 -> 0.27310345 | AS31: =R31*S31 -> 4 | AT31: =(AS31/(AS31+AR31))*100 -> 93.60878
... Q157: 150 | R157: =VOUT -> 10 | S157: =Q157*$O$12 -> 2.5 | T157: =VIN_var -> 4 | U157: =(R157*S157)/(T157*EFF_est) -> 6.25 | V157: =IF(S157<((T157^2)*R157)/(2*Fsw*Lm*((T157+R157)^2)),1,2) -> 2 | W157: =CHOOSE(V157,SQRT(2*Lm*R157*S157*Fsw)/T157,R157/(T157+R157)) -> 0.71428571 | X157: =CHOOSE(V157,(Lm*Z157*Fsw)/(R157),1-W157) -> 0.28571429 | Y157: =(T157*W157)/(Lm*Fsw) -> 0.40816327 | Z157: =CHOOSE(V157,Y157,U157+S157+(Y157)) -> 9.1581633 | AA157: =CHOOSE(V157,Z157*SQRT((W157+X157)/3),SQRT((U157^2)+((Y157^2)/12))) -> 6.2511105 | AB157: 0 | AC157: =(AA157^2)*Rdcr -> 0.39076383 | AD157: =AB157+AC157 -> 0.39076383 | AE157: =U157*S157*W157 -> 11.160714 | AF157: =AA157 -> 6.2511105 | AG157: =(AF157^2)*RDS_on -> 0.25399649 | AH157: =(((R157+T157)*(U157+S157))/2)*Fsw*(tr_sw+tf_sw) -> -0.23766015 | AI157: =AG157+AH157 -> 0.016336337 | AJ157: =S157 -> 2.5 | AK157: =CHOOSE(V157,Z157*SQRT(X157/3),SQRT(X157*((Z157^2)+((Y157^2)/3)-(Y157*Z157)))) -> 4.7865723 | AL157: =S157*Vd_rect -> 0.8125 | AM157: =(R157+T157+Vd_rect)*Qrr*Fsw -> 0 | AN157: =AL157+AM157 -> 0.8125 | AO157: =(AF157^2)*R_cs -> 0.39076383 | AP157: =Qg_tot*Vcc*Fsw -> 0.1512 | AQ157: =IQ*T157 -> 0.0132 | AR157: =AO157+AN157+AI157+AP157+AQ157 -> 1.3840002 | AS157: =R157*S157 -> 25 | AT157: =(AS157/(AS157+AR157))*100 -> 94.754396

Sheet Loop_Modeling
A1: EXCEL Variables Names/Calculations | N1: Calculations
B2: Input from user = | AF2: Needs to be updated for DCM operation
B3: Output = | O3: Operating mode
B4: Constant | P4: Plant Transfer Function | AS4: Error Amplifier | BF4: CCM Open Loop Response | BI4: DCM Open Loop Response | BL4: Displayed Loop Calclation
Q5: wp_lf | T5: wz_esr | W5: wz_esr | Z5: Sampling | AC5: Total | AG5: wp_lf | AJ5: wz_esr | AM5: wz_RHP | AP5: Total | AT5: wp0_ea | AW5: wp1_ea | AZ5: wz_ea | BC5: Total | BF5: Total | BI5: Total | BL5: Total
A6: Variable Name | B6: Value | C6: STD Units | E6: Notes | P6: ADC | Q6: Complex | R6: Gain | S6: Phase | T6: Complex | U6: Gain | V6: Phase | W6: Complex | X6: Gain | Y6: Phase | Z6: Complex | AA6: Gain | AB6: Phase | AC6: COMPLEX | AD6: Gain | AE6: Phase | AF6: ADC | AG6: Complex | AH6: Gain | AI6: Phase | AJ6: Complex | AK6: Gain | AL6: Phase | AM6: Complex | AN6: Gain | AO6: Phase | AP6: COMPLEX | AQ6: Gain | AR6: Phase | AS6: ADC_ea | AT6: Complex | AU6: Gain | AV6: Phase | AW6: Complex | AX6: Gain | AY6: Phase | AZ6: Complex | BA6: Gain | BB6: Phase | BC6: COMPLEX | BD6: Gain | BE6: Phase | BF6: COMPLEX | BG6: Gain | BH6: Phase | BI6: COMPLEX | BJ6: Gain | BK6: Phase | BL6: Gain | BM6: Phase
N7: Frcoss (VIN)min | O7: =fcross -> 700 | P7: =COMPLEX(ADC_VINmin,0) -> 46,9565217391304 | Q7: =IMSUM(COMPLEX(1,0),IMDIV(COMPLEX(0,2*PI()*O7),COMPLEX(wp_lf_VINmin,0))) -> 1+5,56854127398038i | R7: =IMABS(Q7) -> 5.6576189 | S7: =IMARGUMENT(Q7) -> 1.39311 | T7: =IMSUM(COMPLEX(1,0),IMDIV(COMPLEX(0,2*PI()*O7),COMPLEX(wz_esr_VINmin,0))) -> 1+0,0689642419316032i | U7: =IMABS(T7) -> 1.0023752 | V7: =IMARGUMENT(T7) -> 0.06885522 | W7: =IMSUB(COMPLEX(1,0),IMDIV(COMPLEX(0,2*PI()*O7),COMPLEX(wz_RHP_VINmin,0))) -> 1-0,158824961931484i | X7: =IMABS(W7) -> 1.0125341 | Y7: =IMARGUMENT(W7) -> -0.15750934 | Z7: =IMSUM(COMPLEX(1,0),IMDIV(COMPLEX(0,2*PI()*O7),COMPLEX(Q_VINmin*(wsl_VINmin/2),0)),IMDIV(IMPOWER(COMPLEX(0,2*PI()*O7),2),IMPOWER(COMPLEX(wsl_VINmin/2,0),2))) -> 0,999996+0,0274043543782371i | AA7: =IMABS(Z7) -> 1.0003714 | AB7: =IMARGUMENT(Z7) -> 0.027397607 | AC7: =(IMDIV(IMPRODUCT(P7,T7,W7),IMPRODUCT(Q7,Z7))) -> 0,518669220271543-8,40457024143729i | AD7: =20*LOG(IMABS(AC7)) -> 18.506819 | AE7: =(180/PI())*IMARGUMENT(AC7) -> -86.468598 | AF7: =COMPLEX($B$68,0) -> 326,048966736478 | AG7: =IMSUM(COMPLEX(1,0),IMDIV(COMPLEX(0,2*PI()*O7),COMPLEX(wp_lf_DCM,0))) -> 1+3,6945129606216i | AH7: =IMABS(AG7) -> 3.8274569 | AI7: =IMARGUMENT(AG7) -> 1.3064586 | AJ7: =IMSUM(COMPLEX(1,0),IMDIV(COMPLEX(0,2*PI()*O7),COMPLEX(wz1_dcm,0))) -> 1+0,0689642419316032i | AK7: =IMABS(AJ7) -> 1.0023752 | AL7: =IMARGUMENT(AJ7) -> 0.06885522 | AM7: =IMSUB(COMPLEX(1,0),IMDIV(COMPLEX(0,2*PI()*O7),COMPLEX(wz2_dcm,0))) -> 1-0,0113815006815577i | AN7: =IMABS(AM7) -> 1.0000648 | AO7: =IMARGUMENT(AM7) -> -0.011381009 | AP7: =(IMDIV(IMPRODUCT(AF7,AJ7,AM7),IMPRODUCT(AG7))) -> 27,0091541241351-81,0108766806122i | AQ7: =20*LOG(IMABS(AP7)) -> 38.628619 | AR7: =(180/PI())*IMARGUMENT(AP7) -> -71.561532 | AS7: =COMPLEX(Adc_ea,0) -> -0,000100699300699301 | AT7: =COMPLEX(0,2*PI()*O7*wp0_ea) -> 0,000988282216966277i | AU7: =IMABS(AT7) -> 0.00098828222 | AV7: =IMARGUMENT(AT7) -> 1.5707963 | AW7: =IMSUM(COMPLEX(1,0),IMDIV(COMPLEX(0,2*PI()*O7),COMPLEX(wp1_ea,0))) -> 1+0,0505982368194992i | AX7: =IMABS(AW7) -> 1.0012793 | AY7: =IMARGUMENT(AW7) -> 0.050555123 | AZ7: =IMSUM(COMPLEX(1,0),IMDIV(COMPLEX(0,2*PI()*O7),COMPLEX(wz_ea,0))) -> 1+2,41902634326414i | BA7: =IMABS(AZ7) -> 2.617573 | BB7: =IMARGUMENT(AZ7) -> 1.1788009 | BC7: =IMPRODUCT(AS7,IMDIV(AZ7,IMPRODUCT(AT7,AW7))) -> -0,240710607118291+0,114072796161721i | BD7: =20*LOG(IMABS(BC7)) -> -11.490219 | BE7: =(180/PI())*IMARGUMENT(BC7) -> 154.64372 | BF7: =IMPRODUCT(AC7,BC7) -> 0,833883645073208+2,08223525362409i | BG7: =20*LOG(IMABS(BF7)) -> 7.0165998 | BH7: =(180/PI())*IMARGUMENT(BF7) -> 68.175121 | BI7: =IMPRODUCT(AP7,BC7) -> 2,73974733549774+22,5811870418781i | BJ7: =20*LOG(IMABS(BI7)) -> 27.1384 | BK7: =(180/PI())*IMARGUMENT(BI7) -> 83.082187 | BL7: =IF($B$31=0,BJ7,BG7) -> 7.0165998 | BM7: =IF($B$31=0,BK7,BH7) -> 68.175121
N8: Fcross | O8: =fcross -> 700 | P8: =COMPLEX(Adc,0) -> 60 | Q8: =IMSUM(COMPLEX(1,0),IMDIV(COMPLEX(0,2*PI()*O8),COMPLEX(wp_lf,0))) -> 1+5,74702016096692i | R8: =IMABS(Q8) -> 5.833373 | S8: =IMARGUMENT(Q8) -> 1.398518 | T8: =IMSUM(COMPLEX(1,0),IMDIV(COMPLEX(0,2*PI()*O8),COMPLEX(wz_esr,0))) -> 1+0,0689642419316032i | U8: =IMABS(T8) -> 1.0023752 | V8: =IMARGUMENT(T8) -> 0.06885522 | W8: =IMSUB(COMPLEX(1,0),IMDIV(COMPLEX(0,2*PI()*O8),COMPLEX(wz_rhp,0))) -> 1-0,0962112750161874i | X8: =IMABS(W8) -> 1.0046176 | Y8: =IMARGUMENT(W8) -> -0.09591605 | Z8: =IMSUM(COMPLEX(1,0),IMDIV(COMPLEX(0,2*PI()*O8),COMPLEX(Q*(wsl/2),0)),IMDIV(IMPOWER(COMPLEX(0,2*PI()*O8),2),IMPOWER(COMPLEX(wsl/2,0),2))) -> 0,999996+0,0256712999693338i | AA8: =IMABS(Z8) -> 1.0003255 | AB8: =IMARGUMENT(Z8) -> 0.025665766 | AC8: =(IMDIV(IMPRODUCT(P8,T8,W8),IMPRODUCT(Q8,Z8))) -> 1,23492958007548-10,2804062547733i | AD8: =20*LOG(IMABS(AC8)) -> 20.302426 | AE8: =(180/PI())*IMARGUMENT(AC8) -> -83.15019 | AF8: =COMPLEX($B$68,0) -> 326,048966736478 | AG8: =IMSUM(COMPLEX(1,0),IMDIV(COMPLEX(0,2*PI()*O8),COMPLEX(wp_lf_DCM,0))) -> 1+3,6945129606216i | AH8: =IMABS(AG8) -> 3.8274569 | AI8: =IMARGUMENT(AG8) -> 1.3064586 | AJ8: =IMSUM(COMPLEX(1,0),IMDIV(COMPLEX(0,2*PI()*O8),COMPLEX(wz1_dcm,0))) -> 1+0,0689642419316032i | AK8: =IMABS(AJ8) -> 1.0023752 | AL8: =IMARGUMENT(AJ8) -> 0.06885522 | AM8: =IMSUB(COMPLEX(1,0),IMDIV(COMPLEX(0,2*PI()*O8),COMPLEX(wz2_dcm,0))) -> 1-0,0113815006815577i | AN8: =IMABS(AM8) -> 1.0000648 | AO8: =IMARGUMENT(AM8) -> -0.011381009 | AP8: =(IMDIV(IMPRODUCT(AF8,AJ8,AM8),IMPRODUCT(AG8))) -> 27,0091541241351-81,0108766806122i | AQ8: =20*LOG(IMABS(AP8)) -> 38.628619 | AR8: =(180/PI())*IMARGUMENT(AP8) -> -71.561532 | AS8: =COMPLEX(Adc_ea,0) -> -0,000100699300699301 | AT8: =COMPLEX(0,2*PI()*O8*wp0_ea) -> 0,000988282216966277i | AU8: =IMABS(AT8) -> 0.00098828222 | AV8: =IMARGUMENT(AT8) -> 1.5707963 | AW8: =IMSUM(COMPLEX(1,0),IMDIV(COMPLEX(0,2*PI()*O8),COMPLEX(wp1_ea,0))) -> 1+0,0505982368194992i | AX8: =IMABS(AW8) -> 1.0012793 | AY8: =IMARGUMENT(AW8) -> 0.050555123 | AZ8: =IMSUM(COMPLEX(1,0),IMDIV(COMPLEX(0,2*PI()*O8),COMPLEX(wz_ea,0))) -> 1+2,41902634326414i | BA8: =IMABS(AZ8) -> 2.617573 | BB8: =IMARGUMENT(AZ8) -> 1.1788009 | BC8: =IMPRODUCT(AS8,IMDIV(AZ8,IMPRODUCT(AT8,AW8))) -> -0,240710607118291+0,114072796161721i | BD8: =20*LOG(IMABS(BC8)) -> -11.490219 | BE8: =(180/PI())*IMARGUMENT(BC8) -> 154.64372 | BF8: =IMPRODUCT(AC8,BC8) -> 0,875454038192131+2,61547470127119i | BG8: =20*LOG(IMABS(BF8)) -> 8.8122071 | BH8: =(180/PI())*IMARGUMENT(BF8) -> 71.49353 | BI8: =IMPRODUCT(AP8,BC8) -> 2,73974733549774+22,5811870418781i | BJ8: =20*LOG(IMABS(BI8)) -> 27.1384 | BK8: =(180/PI())*IMARGUMENT(BI8) -> 83.082187 | BL8: =IF($B$31=0,BJ8,BG8) -> 8.8122071 | BM8: =IF($B$31=0,BK8,BH8) -> 71.49353
A9: Input Parameters | N9: wz_RHP | O9: =IF($B$31=0,B74,wz_rhp/(2*PI())) -> 7275.6545 | P9: =COMPLEX(Adc,0) -> 60 | Q9: =IMSUM(COMPLEX(1,0),IMDIV(COMPLEX(0,2*PI()*O9),COMPLEX(wp_lf,0))) -> 1+59,7333333333333i | R9: =IMABS(Q9) -> 59.741703 | S9: =IMARGUMENT(Q9) -> 1.5540568 | T9: =IMSUM(COMPLEX(1,0),IMDIV(COMPLEX(0,2*PI()*O9),COMPLEX(wz_esr,0))) -> 1+0,7168i | U9: =IMABS(T9) -> 1.2303667 | V9: =IMARGUMENT(T9) -> 0.62191237 | W9: =IMSUB(COMPLEX(1,0),IMDIV(COMPLEX(0,2*PI()*O9),COMPLEX(wz_rhp,0))) -> 1-i | X9: =IMABS(W9) -> 1.4142136 | Y9: =IMARGUMENT(W9) -> -0.78539816 | Z9: =IMSUM(COMPLEX(1,0),IMDIV(COMPLEX(0,2*PI()*O9),COMPLEX(Q*(wsl/2),0)),IMDIV(IMPOWER(COMPLEX(0,2*PI()*O9),2),IMPOWER(COMPLEX(wsl/2,0),2))) -> 0,999567876334653+0,266822157434403i | AA9: =IMABS(Z9) -> 1.0345675 | AB9: =IMARGUMENT(Z9) -> 0.26085523 | AC9: =(IMDIV(IMPRODUCT(P9,T9,W9),IMPRODUCT(Q9,Z9))) -> -0,66958746144967-1,55075136470749i | AD9: =20*LOG(IMABS(AC9)) -> 4.5532874 | AE9: =(180/PI())*IMARGUMENT(AC9) -> -113.35385 | AF9: =COMPLEX($B$68,0) -> 326,048966736478 | AG9: =IMSUM(COMPLEX(1,0),IMDIV(COMPLEX(0,2*PI()*O9),COMPLEX(wp_lf_DCM,0))) -> 1+38,4i | AH9: =IMABS(AG9) -> 38.413019 | AI9: =IMARGUMENT(AG9) -> 1.5447605 | AJ9: =IMSUM(COMPLEX(1,0),IMDIV(COMPLEX(0,2*PI()*O9),COMPLEX(wz1_dcm,0))) -> 1+0,7168i | AK9: =IMABS(AJ9) -> 1.2303667 | AL9: =IMARGUMENT(AJ9) -> 0.62191237 | AM9: =IMSUB(COMPLEX(1,0),IMDIV(COMPLEX(0,2*PI()*O9),COMPLEX(wz2_dcm,0))) -> 1-0,118296953030118i | AN9: =IMABS(AM9) -> 1.0069728 | AO9: =IMARGUMENT(AM9) -> -0.11774972 | AP9: =(IMDIV(IMPRODUCT(AF9,AJ9,AM9),IMPRODUCT(AG9))) -> 5,31806384990021-9,07235178300411i | AQ9: =20*LOG(IMABS(AP9)) -> 20.437134 | AR9: =(180/PI())*IMARGUMENT(AP9) -> -59.621867 | AS9: =COMPLEX(Adc_ea,0) -> -0,000100699300699301 | AT9: =COMPLEX(0,2*PI()*O9*wp0_ea) -> 0,010272i | AU9: =IMABS(AT9) -> 0.010272 | AV9: =IMARGUMENT(AT9) -> 1.5707963 | AW9: =IMSUM(COMPLEX(1,0),IMDIV(COMPLEX(0,2*PI()*O9),COMPLEX(wp1_ea,0))) -> 1+0,525907559285396i | AX9: =IMABS(AW9) -> 1.1298578 | AY9: =IMARGUMENT(AW9) -> 0.4841582 | AZ9: =IMSUM(COMPLEX(1,0),IMDIV(COMPLEX(0,2*PI()*O9),COMPLEX(wz_ea,0))) -> 1+25,1428571428571i | BA9: =IMABS(AZ9) -> 25.162736 | BB9: =IMARGUMENT(AZ9) -> 1.5310446 | BC9: =IMPRODUCT(AS9,IMDIV(AZ9,IMPRODUCT(AT9,AW9))) -> -0,189041896487031+0,109221843215495i | BD9: =20*LOG(IMABS(BC9)) -> -13.21789 | BE9: =(180/PI())*IMARGUMENT(BC9) -> 149.98217 | BF9: =IMPRODUCT(AC9,BC9) -> 0,295956005998679+0,220023402230638i | BG9: =20*LOG(IMABS(BF9)) -> -8.6646028 | BH9: =(180/PI())*IMARGUMENT(BF9) -> 36.628323 | BI9: =IMPRODUCT(AP9,BC9) -> -0,0144378917851656+2,29590332268039i | BJ9: =20*LOG(IMABS(BI9)) -> 7.2192437 | BK9: =(180/PI())*IMARGUMENT(BI9) -> 90.360302 | BL9: =IF($B$31=0,BJ9,BG9) -> -8.6646028 | BM9: =IF($B$31=0,BK9,BH9) -> 36.628323
A10: VIN_min | B10: =VIN_min -> 3 | C10: V | E10: Minimum input voltage | N10: wz_esr | O10: =IF(B31=0,B72,wz_esr/(2*PI())) -> 10150.188 | P10: =COMPLEX(Adc,0) -> 60 | Q10: =IMSUM(COMPLEX(1,0),IMDIV(COMPLEX(0,2*PI()*O10),COMPLEX(wp_lf,0))) -> 1+83,3333333333332i | R10: =IMABS(Q10) -> 83.339333 | S10: =IMARGUMENT(Q10) -> 1.5587969 | T10: =IMSUM(COMPLEX(1,0),IMDIV(COMPLEX(0,2*PI()*O10),COMPLEX(wz_esr,0))) -> 1+i | U10: =IMABS(T10) -> 1.4142136 | V10: =IMARGUMENT(T10) -> 0.78539816 | W10: =IMSUB(COMPLEX(1,0),IMDIV(COMPLEX(0,2*PI()*O10),COMPLEX(wz_rhp,0))) -> 1-1,39508928571429i | X10: =IMABS(W10) -> 1.7164714 | Y10: =IMARGUMENT(W10) -> -0.94888395 | Z10: =IMSUM(COMPLEX(1,0),IMDIV(COMPLEX(0,2*PI()*O10),COMPLEX(Q*(wsl/2),0)),IMDIV(IMPOWER(COMPLEX(0,2*PI()*O10),2),IMPOWER(COMPLEX(wsl/2,0),2))) -> 0,999158968895607+0,372240733027906i | AA10: =IMABS(Z10) -> 1.0662466 | AB10: =IMARGUMENT(Z10) -> 0.35662456 | AC10: =(IMDIV(IMPRODUCT(P10,T10,W10),IMPRODUCT(Q10,Z10))) -> -0,797448632918923-1,4319905634908i | AD10: =20*LOG(IMABS(AC10)) -> 4.2919029 | AE10: =(180/PI())*IMARGUMENT(AC10) -> -119.11261 | AF10: =COMPLEX($B$68,0) -> 326,048966736478 | AG10: =IMSUM(COMPLEX(1,0),IMDIV(COMPLEX(0,2*PI()*O10),COMPLEX(wp_lf_DCM,0))) -> 1+53,5714285714286i | AH10: =IMABS(AG10) -> 53.580761 | AI10: =IMARGUMENT(AG10) -> 1.5521318 | AJ10: =IMSUM(COMPLEX(1,0),IMDIV(COMPLEX(0,2*PI()*O10),COMPLEX(wz1_dcm,0))) -> 1+i | AK10: =IMABS(AJ10) -> 1.4142136 | AL10: =IMARGUMENT(AJ10) -> 0.78539816 | AM10: =IMSUB(COMPLEX(1,0),IMDIV(COMPLEX(0,2*PI()*O10),COMPLEX(wz2_dcm,0))) -> 1-0,165034811704964i | AN10: =IMABS(AM10) -> 1.0135268 | AO10: =IMARGUMENT(AM10) -> -0.16356051 | AP10: =(IMDIV(IMPRODUCT(AF10,AJ10,AM10),IMPRODUCT(AG10))) -> 5,21234802313314-6,99339290617889i | AQ10: =20*LOG(IMABS(AP10)) -> 18.812483 | AR10: =(180/PI())*IMARGUMENT(AP10) -> -53.30193 | AS10: =COMPLEX(Adc_ea,0) -> -0,000100699300699301 | AT10: =COMPLEX(0,2*PI()*O10*wp0_ea) -> 0,0143303571428571i | AU10: =IMABS(AT10) -> 0.014330357 | AV10: =IMARGUMENT(AT10) -> 1.5707963 | AW10: =IMSUM(COMPLEX(1,0),IMDIV(COMPLEX(0,2*PI()*O10),COMPLEX(wp1_ea,0))) -> 1+0,733688001235207i | AX10: =IMABS(AW10) -> 1.2402815 | AY10: =IMARGUMENT(AW10) -> 0.63297943 | AZ10: =IMSUM(COMPLEX(1,0),IMDIV(COMPLEX(0,2*PI()*O10),COMPLEX(wz_ea,0))) -> 1+35,0765306122448i | BA10: =IMABS(AZ10) -> 35.090782 | BB10: =IMARGUMENT(AZ10) -> 1.542295 | BC10: =IMPRODUCT(AS10,IMDIV(AZ10,IMPRODUCT(AT10,AW10))) -> -0,156879133258078+0,12212732941552i | BD10: =20*LOG(IMABS(BC10)) -> -14.031155 | BE10: =(180/PI())*IMARGUMENT(BC10) -> 142.09994 | BF10: =IMPRODUCT(AC10,BC10) -> 0,299988233617517+0,127259166549738i | BG10: =20*LOG(IMABS(BF10)) -> -9.7392523 | BH10: =(180/PI())*IMARGUMENT(BF10) -> 22.98733 | BI10: =IMPRODUCT(AP10,BC10) -> 0,0363757590764867+1,73368756170405i | BJ10: =20*LOG(IMABS(BI10)) -> 4.7813282 | BK10: =(180/PI())*IMARGUMENT(BI10) -> 88.798012 | BL10: =IF($B$31=0,BJ10,BG10) -> -9.7392523 | BM10: =IF($B$31=0,BK10,BH10) -> 22.98733
A11: VIN_nom | B11: =VIN_nom -> 3.7 | C11: V | E11: Nominal input voltage | N11: wp_lf | O11: =IF(B31=0,B70,wp_lf/(2*PI())) -> 121.80225 | P11: =COMPLEX(Adc,0) -> 60 | Q11: =IMSUM(COMPLEX(1,0),IMDIV(COMPLEX(0,2*PI()*O11),COMPLEX(wp_lf,0))) -> 1+i | R11: =IMABS(Q11) -> 1.4142136 | S11: =IMARGUMENT(Q11) -> 0.78539816 | T11: =IMSUM(COMPLEX(1,0),IMDIV(COMPLEX(0,2*PI()*O11),COMPLEX(wz_esr,0))) -> 1+0,012i | U11: =IMABS(T11) -> 1.000072 | V11: =IMARGUMENT(T11) -> 0.011999424 | W11: =IMSUB(COMPLEX(1,0),IMDIV(COMPLEX(0,2*PI()*O11),COMPLEX(wz_rhp,0))) -> 1-0,0167410714285714i | X11: =IMABS(W11) -> 1.0001401 | Y11: =IMARGUMENT(W11) -> -0.016739508 | Z11: =IMSUM(COMPLEX(1,0),IMDIV(COMPLEX(0,2*PI()*O11),COMPLEX(Q*(wsl/2),0)),IMDIV(IMPOWER(COMPLEX(0,2*PI()*O11),2),IMPOWER(COMPLEX(wsl/2,0),2))) -> 0,999999878891521+0,00446688879633487i | AA11: =IMABS(Z11) -> 1.0000099 | AB11: =IMARGUMENT(Z11) -> 0.0044668596 | AC11: =(IMDIV(IMPRODUCT(P11,T11,W11),IMPRODUCT(Q11,Z11))) -> 29,7285361304954-30,2810566608369i | AD11: =20*LOG(IMABS(AC11)) -> 32.554482 | AE11: =(180/PI())*IMARGUMENT(AC11) -> -45.527519 | AF11: =COMPLEX($B$68,0) -> 326,048966736478 | AG11: =IMSUM(COMPLEX(1,0),IMDIV(COMPLEX(0,2*PI()*O11),COMPLEX(wp_lf_DCM,0))) -> 1+0,642857142857143i | AH11: =IMABS(AG11) -> 1.1888084 | AI11: =IMARGUMENT(AG11) -> 0.57133748 | AJ11: =IMSUM(COMPLEX(1,0),IMDIV(COMPLEX(0,2*PI()*O11),COMPLEX(wz1_dcm,0))) -> 1+0,012i | AK11: =IMABS(AJ11) -> 1.000072 | AL11: =IMARGUMENT(AJ11) -> 0.011999424 | AM11: =IMSUB(COMPLEX(1,0),IMDIV(COMPLEX(0,2*PI()*O11),COMPLEX(wz2_dcm,0))) -> 1-0,00198041774045957i | AN11: =IMABS(AM11) -> 1.000002 | AO11: =IMARGUMENT(AM11) -> -0.0019804152 | AP11: =(IMDIV(IMPRODUCT(AF11,AJ11,AM11),IMPRODUCT(AG11))) -> 232,197625911541-146,003027928851i | AQ11: =20*LOG(IMABS(AP11)) -> 48.764062 | AR11: =(180/PI())*IMARGUMENT(AP11) -> -32.161179 | AS11: =COMPLEX(Adc_ea,0) -> -0,000100699300699301 | AT11: =COMPLEX(0,2*PI()*O11*wp0_ea) -> 0,000171964285714286i | AU11: =IMABS(AT11) -> 0.00017196429 | AV11: =IMARGUMENT(AT11) -> 1.5707963 | AW11: =IMSUM(COMPLEX(1,0),IMDIV(COMPLEX(0,2*PI()*O11),COMPLEX(wp1_ea,0))) -> 1+0,00880425601482249i | AX11: =IMABS(AW11) -> 1.0000388 | AY11: =IMARGUMENT(AW11) -> 0.0088040285 | AZ11: =IMSUM(COMPLEX(1,0),IMDIV(COMPLEX(0,2*PI()*O11),COMPLEX(wz_ea,0))) -> 1+0,420918367346938i | BA11: =IMABS(AZ11) -> 1.0849757 | BB11: =IMARGUMENT(AZ11) -> 0.39840839 | BC11: =IMPRODUCT(AS11,IMDIV(AZ11,IMPRODUCT(AT11,AW11))) -> -0,241308164994092+0,587707180520483i | BD11: =20*LOG(IMABS(BC11)) -> -3.9401725 | BE11: =(180/PI())*IMARGUMENT(BC11) -> 112.32269 | BF11: =IMPRODUCT(AC11,BC11) -> 10,622655931711+24,7787403671634i | BG11: =20*LOG(IMABS(BF11)) -> 28.614309 | BH11: =(180/PI())*IMARGUMENT(BF11) -> 66.795167 | BI11: =IMPRODUCT(AP11,BC11) -> 29,7758448668198+171,695934801114i | BJ11: =20*LOG(IMABS(BI11)) -> 44.823889 | BK11: =(180/PI())*IMARGUMENT(BI11) -> 80.161507 | BL11: =IF($B$31=0,BJ11,BG11) -> 28.614309 | BM11: =IF($B$31=0,BK11,BH11) -> 66.795167 | BO11: XOVER SEARCH
A12: VIN_max | B12: =VIN_max -> 12.6 | C12: V | E12: Maximum input voltage | N12: wz_ea | O12: =wz_ea/(2*PI()) -> 289.37262 | P12: =COMPLEX(Adc,0) -> 60 | Q12: =IMSUM(COMPLEX(1,0),IMDIV(COMPLEX(0,2*PI()*O12),COMPLEX(wp_lf,0))) -> 1+2,37575757575758i | R12: =IMABS(Q12) -> 2.5776392 | S12: =IMARGUMENT(Q12) -> 1.1723879 | T12: =IMSUM(COMPLEX(1,0),IMDIV(COMPLEX(0,2*PI()*O12),COMPLEX(wz_esr,0))) -> 1+0,028509090909091i | U12: =IMABS(T12) -> 1.0004063 | V12: =IMARGUMENT(T12) -> 0.028501371 | W12: =IMSUB(COMPLEX(1,0),IMDIV(COMPLEX(0,2*PI()*O12),COMPLEX(wz_rhp,0))) -> 1-0,0397727272727273i | X12: =IMABS(W12) -> 1.0007906 | Y12: =IMARGUMENT(W12) -> -0.039751775 | Z12: =IMSUM(COMPLEX(1,0),IMDIV(COMPLEX(0,2*PI()*O12),COMPLEX(Q*(wsl/2),0)),IMDIV(IMPOWER(COMPLEX(0,2*PI()*O12),2),IMPOWER(COMPLEX(wsl/2,0),2))) -> 0,999999316436609+0,0106122448979592i | AA12: =IMABS(Z12) -> 1.0000556 | AB12: =IMARGUMENT(Z12) -> 0.010611854 | AC12: =(IMDIV(IMPRODUCT(P12,T12,W12),IMPRODUCT(Q12,Z12))) -> 8,56901631245791-21,6710337293556i | AD12: =20*LOG(IMABS(AC12)) -> 27.348492 | AE12: =(180/PI())*IMARGUMENT(AC12) -> -68.425496 | AF12: =COMPLEX($B$68,0) -> 326,048966736478 | AG12: =IMSUM(COMPLEX(1,0),IMDIV(COMPLEX(0,2*PI()*O12),COMPLEX(wp_lf_DCM,0))) -> 1+1,52727272727273i | AH12: =IMABS(AG12) -> 1.8255306 | AI12: =IMARGUMENT(AG12) -> 0.99108083 | AJ12: =IMSUM(COMPLEX(1,0),IMDIV(COMPLEX(0,2*PI()*O12),COMPLEX(wz1_dcm,0))) -> 1+0,028509090909091i | AK12: =IMABS(AJ12) -> 1.0004063 | AL12: =IMARGUMENT(AJ12) -> 0.028501371 | AM12: =IMSUB(COMPLEX(1,0),IMDIV(COMPLEX(0,2*PI()*O12),COMPLEX(wz2_dcm,0))) -> 1-0,00470499245006152i | AN12: =IMABS(AM12) -> 1.0000111 | AO12: =IMARGUMENT(AM12) -> -0.0047049577 | AP12: =(IMDIV(IMPRODUCT(AF12,AJ12,AM12),IMPRODUCT(AG12))) -> 101,407363894279-147,115399513693i | AQ12: =20*LOG(IMABS(AP12)) -> 45.041499 | AR12: =(180/PI())*IMARGUMENT(AP12) -> -55.421314 | AS12: =COMPLEX(Adc_ea,0) -> -0,000100699300699301 | AT12: =COMPLEX(0,2*PI()*O12*wp0_ea) -> 0,000408545454545455i | AU12: =IMABS(AT12) -> 0.00040854545 | AV12: =IMARGUMENT(AT12) -> 1.5707963 | AW12: =IMSUM(COMPLEX(1,0),IMDIV(COMPLEX(0,2*PI()*O12),COMPLEX(wp1_ea,0))) -> 1+0,0209167779261237i | AX12: =IMABS(AW12) -> 1.0002187 | AY12: =IMARGUMENT(AW12) -> 0.020913728 | AZ12: =IMSUM(COMPLEX(1,0),IMDIV(COMPLEX(0,2*PI()*O12),COMPLEX(wz_ea,0))) -> 1+i | BA12: =IMABS(AZ12) -> 1.4142136 | BB12: =IMARGUMENT(AZ12) -> 0.78539816 | BC12: =IMPRODUCT(AS12,IMDIV(AZ12,IMPRODUCT(AT12,AW12))) -> -0,241221332847155+0,251528062523352i | BD12: =20*LOG(IMABS(BC12)) -> -9.1558783 | BE12: =(180/PI())*IMARGUMENT(BC12) -> 133.80173 | BF12: =IMPRODUCT(AC12,BC12) -> 3,38384359074291+7,38286371117435i | BG12: =20*LOG(IMABS(BF12)) -> 18.192614 | BH12: =(180/PI())*IMARGUMENT(BF12) -> 65.376236 | BI12: =IMPRODUCT(AP12,BC12) -> 12,5420319279336+60,9941705189632i | BJ12: =20*LOG(IMABS(BI12)) -> 35.88562 | BK12: =(180/PI())*IMARGUMENT(BI12) -> 78.380417 | BL12: =IF($B$31=0,BJ12,BG12) -> 18.192614 | BM12: =IF($B$31=0,BK12,BH12) -> 65.376236 | BO12: xover | BP12: =SUM(BO19:BO559)/1000 -> 1.8620871
A13: Fsw | B13: =Fsw -> 700000 | C13: Hz | E13: Switching frequnecy | N13: wp1_ea | O13: =wp1_ea/(2*PI()) -> 13834.474 | P13: =COMPLEX(Adc,0) -> 60 | Q13: =IMSUM(COMPLEX(1,0),IMDIV(COMPLEX(0,2*PI()*O13),COMPLEX(wp_lf,0))) -> 1+113,581431334623i | R13: =IMABS(Q13) -> 113.58583 | S13: =IMARGUMENT(Q13) -> 1.5619923 | T13: =IMSUM(COMPLEX(1,0),IMDIV(COMPLEX(0,2*PI()*O13),COMPLEX(wz_esr,0))) -> 1+1,36297717601547i | U13: =IMABS(T13) -> 1.6904753 | V13: =IMARGUMENT(T13) -> 0.93781689 | W13: =IMSUB(COMPLEX(1,0),IMDIV(COMPLEX(0,2*PI()*O13),COMPLEX(wz_rhp,0))) -> 1-1,9014748549323i | X13: =IMABS(W13) -> 2.1483963 | Y13: =IMARGUMENT(W13) -> -1.0866381 | Z13: =IMSUM(COMPLEX(1,0),IMDIV(COMPLEX(0,2*PI()*O13),COMPLEX(Q*(wsl/2),0)),IMDIV(IMPOWER(COMPLEX(0,2*PI()*O13),2),IMPOWER(COMPLEX(wsl/2,0),2))) -> 0,998437610813211+0,507355623100305i | AA13: =IMABS(Z13) -> 1.1199497 | AB13: =IMARGUMENT(Z13) -> 0.47014597 | AC13: =(IMDIV(IMPRODUCT(P13,T13,W13),IMPRODUCT(Q13,Z13))) -> -0,981538442305858-1,40387885686722i | AD13: =20*LOG(IMABS(AC13)) -> 4.6750356 | AE13: =(180/PI())*IMARGUMENT(AC13) -> -124.95978 | AF13: =COMPLEX($B$68,0) -> 326,048966736478 | AG13: =IMSUM(COMPLEX(1,0),IMDIV(COMPLEX(0,2*PI()*O13),COMPLEX(wp_lf_DCM,0))) -> 1+73,0166344294004i | AH13: =IMABS(AG13) -> 73.023482 | AI13: =IMARGUMENT(AG13) -> 1.5571017 | AJ13: =IMSUM(COMPLEX(1,0),IMDIV(COMPLEX(0,2*PI()*O13),COMPLEX(wz1_dcm,0))) -> 1+1,36297717601547i | AK13: =IMABS(AJ13) -> 1.6904753 | AL13: =IMARGUMENT(AJ13) -> 0.93781689 | AM13: =IMSUB(COMPLEX(1,0),IMDIV(COMPLEX(0,2*PI()*O13),COMPLEX(wz2_dcm,0))) -> 1-0,224938681601877i | AN13: =IMABS(AM13) -> 1.0249865 | AO13: =IMARGUMENT(AM13) -> -0.22125608 | AP13: =(IMDIV(IMPRODUCT(AF13,AJ13,AM13),IMPRODUCT(AG13))) -> 5,16074231982635-5,76376014120714i | AQ13: =20*LOG(IMABS(AP13)) -> 17.770946 | AR13: =(180/PI())*IMARGUMENT(AP13) -> -48.159444 | AS13: =COMPLEX(Adc_ea,0) -> -0,000100699300699301 | AT13: =COMPLEX(0,2*PI()*O13*wp0_ea) -> 0,0195319497098646i | AU13: =IMABS(AT13) -> 0.01953195 | AV13: =IMARGUMENT(AT13) -> 1.5707963 | AW13: =IMSUM(COMPLEX(1,0),IMDIV(COMPLEX(0,2*PI()*O13),COMPLEX(wp1_ea,0))) -> 1+i | AX13: =IMABS(AW13) -> 1.4142136 | AY13: =IMARGUMENT(AW13) -> 0.78539816 | AZ13: =IMSUM(COMPLEX(1,0),IMDIV(COMPLEX(0,2*PI()*O13),COMPLEX(wz_ea,0))) -> 1+47,8085106382978i | BA13: =IMABS(AZ13) -> 47.818968 | BB13: =IMARGUMENT(AZ13) -> 1.5498826 | BC13: =IMPRODUCT(AS13,IMDIV(AZ13,IMPRODUCT(AT13,AW13))) -> -0,120663434989078+0,125819054484065i | BD13: =20*LOG(IMABS(BC13)) -> -15.172679 | BE13: =(180/PI())*IMARGUMENT(BC13) -> 133.80173 | BF13: =IMPRODUCT(AC13,BC13) -> 0,295070510403657+0,0459006064274539i | BG13: =20*LOG(IMABS(BF13)) -> -10.497643 | BH13: =(180/PI())*IMARGUMENT(BF13) -> 8.8419566 | BI13: =IMPRODUCT(AP13,BC13) -> 0,102477955835873+1,34479481620764i | BJ13: =20*LOG(IMABS(BI13)) -> 2.5982669 | BK13: =(180/PI())*IMARGUMENT(BI13) -> 85.642288 | BL13: =IF($B$31=0,BJ13,BG13) -> -10.497643 | BM13: =IF($B$31=0,BK13,BH13) -> 8.8419566
BO14: phase margin | BP14: =SUM(BP19:BP559) -> 69.37646
A15: CCMPlant Parameters | O15: Selected VIN | P15: =B16 -> 4 | Q15: V
A16: VIN_VAR | B16: 4 | C16: V | E16: Variable input voltage | P16: CCM Plant Transfer Function | AF16: DCM Plant Transfer Function | AS16: Error Amplifier | BF16: CCM Open Loop Response | BI16: DCM Open Loop Response | BL16: Displayed Loop Calclation
A17: IOUT_VAR | B17: =IOUT -> 2.5 | C17: A | E17: Variable output current (Can add this a different revision, not needed right now) | Q17: wp_lf | T17: wz_esr | W17: wz_RHP | Z17: Sampling | AC17: Total | AG17: wp_lf | AJ17: wz_esr | AM17: wz_RHP | AP17: Total | AT17: wp0_ea | AW17: wp1_ea | AZ17: wz_ea | BC17: Total | BF17: Total | BI17: Total
A18: DC_VIN_Var | B18: =VOUT/(VOUT+VIN_var) -> 0.71428571 | O18: Frequency | P18: ADC | Q18: Complex | R18: Gain | S18: Phase | T18: Complex | U18: Gain | V18: Phase | W18: Complex | X18: Gain | Y18: Phase | Z18: Complex | AA18: Gain | AB18: Phase | AC18: COMPLEX | AD18: Gain | AE18: Phase | AF18: ADC | AG18: Complex | AH18: Gain | AI18: Phase | AJ18: Complex | AK18: Gain | AL18: Phase | AM18: Complex | AN18: Gain | AO18: Phase | AP18: COMPLEX | AQ18: Gain | AR18: Phase | AS18: ADC_ea | AT18: Complex | AU18: Gain | AV18: Phase | AW18: Complex | AX18: Gain | AY18: Phase | AZ18: Complex | BA18: Gain | BB18: Phase | BC18: COMPLEX | BD18: Gain | BE18: Phase | BF18: COMPLEX | BG18: Gain | BH18: Phase | BI18: COMPLEX | BJ18: Gain | BK18: Phase | BL18: Gain(dB) | BM18: Phase (deg) | BO18: Gain Cross | BP18: Phase Cross
A19: VOUT | B19: =VOUT -> 10 | C19: V | E19: Output Voltage | N19: 1 | O19: =10^(1+(N19/100)) -> 10.23293 | P19: =COMPLEX(Adc,0) -> 60 | Q19: =IMSUM(COMPLEX(1,0),IMDIV(COMPLEX(0,2*PI()*O19),COMPLEX(wp_lf,0))) -> 1+0,0840126493887663i | R19: =IMABS(Q19) -> 1.0035229 | S19: =IMARGUMENT(Q19) -> 0.083815825 | T19: =IMSUM(COMPLEX(1,0),IMDIV(COMPLEX(0,2*PI()*O19),COMPLEX(wz_esr,0))) -> 1+0,0010081517926652i | U19: =IMABS(T19) -> 1.0000005 | V19: =IMARGUMENT(T19) -> 0.0010081515 | W19: =IMSUB(COMPLEX(1,0),IMDIV(COMPLEX(0,2*PI()*O19),COMPLEX(wz_rhp,0))) -> 1-0,00140646176432087i | X19: =IMABS(W19) -> 1.000001 | Y19: =IMARGUMENT(W19) -> -0.0014064608 | Z19: =IMSUM(COMPLEX(1,0),IMDIV(COMPLEX(0,2*PI()*O19),COMPLEX(Q*(wsl/2),0)),IMDIV(IMPOWER(COMPLEX(0,2*PI()*O19),2),IMPOWER(COMPLEX(wsl/2,0),2))) -> 0,999999999145201+0,00037527516230509i | AA19: =IMABS(Z19) -> 1.0000001 | AB19: =IMARGUMENT(Z19) -> 0.00037527515 | AC19: =(IMDIV(IMPRODUCT(P19,T19,W19),IMPRODUCT(Q19,Z19))) -> 59,5756756689612-5,05152548556192i | AD19: =20*LOG(IMABS(AC19)) -> 35.532492 | AE19: =(180/PI())*IMARGUMENT(AC19) -> -4.8466162 | AF19: =COMPLEX($B$68,0) -> 326,048966736478 | AG19: =IMSUM(COMPLEX(1,0),IMDIV(COMPLEX(0,2*PI()*O19),COMPLEX(wp_lf_DCM,0))) -> 1+0,0540081317499212i | AH19: =IMABS(AG19) -> 1.0014574 | AI19: =IMARGUMENT(AG19) -> 0.053955712 | AJ19: =IMSUM(COMPLEX(1,0),IMDIV(COMPLEX(0,2*PI()*O19),COMPLEX(wz1_dcm,0))) -> 1+0,0010081517926652i | AK19: =IMABS(AJ19) -> 1.0000005 | AL19: =IMARGUMENT(AJ19) -> 0.0010081515 | AM19: =IMSUB(COMPLEX(1,0),IMDIV(COMPLEX(0,2*PI()*O19),COMPLEX(wz2_dcm,0))) -> 1-0,000166380141272522i | AN19: =IMABS(AM19) -> 1 | AO19: =IMARGUMENT(AM19) -> -0.00016638014 | AP19: =(IMDIV(IMPRODUCT(AF19,AJ19,AM19),IMPRODUCT(AG19))) -> 325,115522022973-17,2844231701965i | AQ19: =20*LOG(IMABS(AP19)) -> 50.253012 | AR19: =(180/PI())*IMARGUMENT(AP19) -> -3.0432046 | AS19: =COMPLEX(Adc_ea,0) -> -0,000100699300699301 | AT19: =COMPLEX(0,2*PI()*O19*wp0_ea) -> 0,0000144471752431039i | AU19: =IMABS(AT19) -> 1.4447175e-05 | AV19: =IMARGUMENT(AT19) -> 1.5707963 | AW19: =IMSUM(COMPLEX(1,0),IMDIV(COMPLEX(0,2*PI()*O19),COMPLEX(wp1_ea,0))) -> 1+0,000739668873702219i | AX19: =IMABS(AW19) -> 1.0000003 | AY19: =IMARGUMENT(AW19) -> 0.00073966874 | AZ19: =IMSUM(COMPLEX(1,0),IMDIV(COMPLEX(0,2*PI()*O19),COMPLEX(wz_ea,0))) -> 1+0,0353624672172103i | BA19: =IMABS(AZ19) -> 1.0006251 | BB19: =IMARGUMENT(AZ19) -> 0.035347738 | BC19: =IMPRODUCT(AS19,IMDIV(AZ19,IMPRODUCT(AT19,AW19))) -> -0,241326737945875+6,97035080233138i | BD19: =20*LOG(IMABS(BC19)) -> 16.870295 | BE19: =(180/PI())*IMARGUMENT(BC19) -> 91.982896 | BF19: =IMPRODUCT(AC19,BC19) -> 20,8337012511721+416,482426865659i | BG19: =20*LOG(IMABS(BF19)) -> 52.402787 | BH19: =(180/PI())*IMARGUMENT(BF19) -> 87.13628 | BI19: =IMPRODUCT(AP19,BC19) -> 42,0194245268399+2270,34043324416i | BJ19: =20*LOG(IMABS(BI19)) -> 67.123307 | BK19: =(180/PI())*IMARGUMENT(BI19) -> 88.939692 | BL19: =IF($B$31=0,BJ19,BG19) -> 52.402787 | BM19: =IF($B$31=0,BK19,BH19) -> 87.13628 | BO19: =SUM((BL20<0)*(BL19>0))*O19 -> 0 | BP19: =IF(BO19>0,BM19,0) -> 0
A20: IOUT | B20: =IOUT -> 2.5 | C20: A | E20: Maximum Output current | N20: 2 | O20: =10^(1+(N20/100)) -> 10.471285 | P20: =COMPLEX(Adc,0) -> 60 | Q20: =IMSUM(COMPLEX(1,0),IMDIV(COMPLEX(0,2*PI()*O20),COMPLEX(wp_lf,0))) -> 1+0,085969555382465i | R20: =IMABS(Q20) -> 1.0036886 | S20: =IMARGUMENT(Q20) -> 0.085758696 | T20: =IMSUM(COMPLEX(1,0),IMDIV(COMPLEX(0,2*PI()*O20),COMPLEX(wz_esr,0))) -> 1+0,00103163466458958i | U20: =IMABS(T20) -> 1.0000005 | V20: =IMARGUMENT(T20) -> 0.0010316343 | W20: =IMSUB(COMPLEX(1,0),IMDIV(COMPLEX(0,2*PI()*O20),COMPLEX(wz_rhp,0))) -> 1-0,00143922246734037i | X20: =IMABS(W20) -> 1.000001 | Y20: =IMARGUMENT(W20) -> -0.0014392215 | Z20: =IMSUM(COMPLEX(1,0),IMDIV(COMPLEX(0,2*PI()*O20),COMPLEX(Q*(wsl/2),0)),IMDIV(IMPOWER(COMPLEX(0,2*PI()*O20),2),IMPOWER(COMPLEX(wsl/2,0),2))) -> 0,999999999104916+0,000384016443763823i | AA20: =IMABS(Z20) -> 1.0000001 | AB20: =IMARGUMENT(Z20) -> 0.00038401643 | AC20: =(IMDIV(IMPRODUCT(P20,T20,W20),IMPRODUCT(Q20,Z20))) -> 59,5558245938509-5,16748404282938i | AD20: =20*LOG(IMABS(AC20)) -> 35.531058 | AE20: =(180/PI())*IMARGUMENT(AC20) -> -4.9589669 | AF20: =COMPLEX($B$68,0) -> 326,048966736478 | AG20: =IMSUM(COMPLEX(1,0),IMDIV(COMPLEX(0,2*PI()*O20),COMPLEX(wp_lf_DCM,0))) -> 1+0,0552661427458704i | AH20: =IMABS(AG20) -> 1.001526 | AI20: =IMARGUMENT(AG20) -> 0.055209978 | AJ20: =IMSUM(COMPLEX(1,0),IMDIV(COMPLEX(0,2*PI()*O20),COMPLEX(wz1_dcm,0))) -> 1+0,00103163466458958i | AK20: =IMABS(AJ20) -> 1.0000005 | AL20: =IMARGUMENT(AJ20) -> 0.0010316343 | AM20: =IMSUB(COMPLEX(1,0),IMDIV(COMPLEX(0,2*PI()*O20),COMPLEX(wz2_dcm,0))) -> 1-0,000170255632618855i | AN20: =IMABS(AM20) -> 1 | AO20: =IMARGUMENT(AM20) -> -0.00017025563 | AP20: =(IMDIV(IMPRODUCT(AF20,AJ20,AM20),IMPRODUCT(AG20))) -> 325,071664086276-17,6846052466873i | AQ20: =20*LOG(IMABS(AP20)) -> 50.252417 | AR20: =(180/PI())*IMARGUMENT(AP20) -> -3.1139454 | AS20: =COMPLEX(Adc_ea,0) -> -0,000100699300699301 | AT20: =COMPLEX(0,2*PI()*O20*wp0_ea) -> 0,0000147836931845203i | AU20: =IMABS(AT20) -> 1.4783693e-05 | AV20: =IMARGUMENT(AT20) -> 1.5707963 | AW20: =IMSUM(COMPLEX(1,0),IMDIV(COMPLEX(0,2*PI()*O20),COMPLEX(wp1_ea,0))) -> 1+0,000756897975067682i | AX20: =IMABS(AW20) -> 1.0000003 | AY20: =IMARGUMENT(AW20) -> 0.00075689783 | AZ20: =IMSUM(COMPLEX(1,0),IMDIV(COMPLEX(0,2*PI()*O20),COMPLEX(wz_ea,0))) -> 1+0,0361861648931294i | BA20: =IMABS(AZ20) -> 1.0006545 | BB20: =IMARGUMENT(AZ20) -> 0.036170383 | BC20: =IMPRODUCT(AS20,IMDIV(AZ20,IMPRODUCT(AT20,AW20))) -> -0,241326731723389+6,81169446819427i | BD20: =20*LOG(IMABS(BC20)) -> 16.670551 | BE20: =(180/PI())*IMARGUMENT(BC20) -> 92.029043 | BF20: =IMPRODUCT(AC20,BC20) -> 20,8269099646976+406,923132969971i | BG20: =20*LOG(IMABS(BF20)) -> 52.201609 | BH20: =(180/PI())*IMARGUMENT(BF20) -> 87.070076 | BI20: =IMPRODUCT(AP20,BC20) -> 42,0136454612349+2218,55662400919i | BJ20: =20*LOG(IMABS(BI20)) -> 66.922968 | BK20: =(180/PI())*IMARGUMENT(BI20) -> 88.915098 | BL20: =IF($B$31=0,BJ20,BG20) -> 52.201609 | BM20: =IF($B$31=0,BK20,BH20) -> 87.070076 | BO20: =SUM((BL21<0)*(BL20>0))*O20 -> 0 | BP20: =IF(BO20>0,BM20,0) -> 0
N21: 3 | O21: =10^(1+(N21/100)) -> 10.715193 | P21: =COMPLEX(Adc,0) -> 60 | Q21: =IMSUM(COMPLEX(1,0),IMDIV(COMPLEX(0,2*PI()*O21),COMPLEX(wp_lf,0))) -> 1+0,0879720435723688i | R21: =IMABS(Q21) -> 1.0038621 | S21: =IMARGUMENT(Q21) -> 0.087746151 | T21: =IMSUM(COMPLEX(1,0),IMDIV(COMPLEX(0,2*PI()*O21),COMPLEX(wz_esr,0))) -> 1+0,00105566452286843i | U21: =IMABS(T21) -> 1.0000006 | V21: =IMARGUMENT(T21) -> 0.0010556641 | W21: =IMSUB(COMPLEX(1,0),IMDIV(COMPLEX(0,2*PI()*O21),COMPLEX(wz_rhp,0))) -> 1-0,00147274626516243i | X21: =IMABS(W21) -> 1.0000011 | Y21: =IMARGUMENT(W21) -> -0.0014727452 | Z21: =IMSUM(COMPLEX(1,0),IMDIV(COMPLEX(0,2*PI()*O21),COMPLEX(Q*(wsl/2),0)),IMDIV(IMPOWER(COMPLEX(0,2*PI()*O21),2),IMPOWER(COMPLEX(wsl/2,0),2))) -> 0,999999999062732+0,000392961335824097i | AA21: =IMABS(Z21) -> 1.0000001 | AB21: =IMARGUMENT(Z21) -> 0.00039296132 | AC21: =(IMDIV(IMPRODUCT(P21,T21,W21),IMPRODUCT(Q21,Z21))) -> 59,5350520124417-5,28602280362819i | AD21: =20*LOG(IMABS(AC21)) -> 35.529558 | AE21: =(180/PI())*IMARGUMENT(AC21) -> -5.0738961 | AF21: =COMPLEX($B$68,0) -> 326,048966736478 | AG21: =IMSUM(COMPLEX(1,0),IMDIV(COMPLEX(0,2*PI()*O21),COMPLEX(wp_lf_DCM,0))) -> 1+0,0565534565822372i | AH21: =IMABS(AG21) -> 1.0015979 | AI21: =IMARGUMENT(AG21) -> 0.05649328 | AJ21: =IMSUM(COMPLEX(1,0),IMDIV(COMPLEX(0,2*PI()*O21),COMPLEX(wz1_dcm,0))) -> 1+0,00105566452286843i | AK21: =IMABS(AJ21) -> 1.0000006 | AL21: =IMARGUMENT(AJ21) -> 0.0010556641 | AM21: =IMSUB(COMPLEX(1,0),IMDIV(COMPLEX(0,2*PI()*O21),COMPLEX(wz2_dcm,0))) -> 1-0,000174221395755201i | AN21: =IMABS(AM21) -> 1 | AO21: =IMARGUMENT(AM21) -> -0.00017422139 | AP21: =(IMDIV(IMPRODUCT(AF21,AJ21,AM21),IMPRODUCT(AG21))) -> 325,025752071463-18,0939361370502i | AQ21: =20*LOG(IMABS(AP21)) -> 50.251794 | AR21: =(180/PI())*IMARGUMENT(AP21) -> -3.1863236 | AS21: =COMPLEX(Adc_ea,0) -> -0,000100699300699301 | AT21: =COMPLEX(0,2*PI()*O21*wp0_ea) -> 0,0000151280496357484i | AU21: =IMABS(AT21) -> 1.512805e-05 | AV21: =IMARGUMENT(AT21) -> 1.5707963 | AW21: =IMSUM(COMPLEX(1,0),IMDIV(COMPLEX(0,2*PI()*O21),COMPLEX(wp1_ea,0))) -> 1+0,000774528393758255i | AX21: =IMABS(AW21) -> 1.0000003 | AY21: =IMARGUMENT(AW21) -> 0.00077452824 | AZ21: =IMSUM(COMPLEX(1,0),IMDIV(COMPLEX(0,2*PI()*O21),COMPLEX(wz_ea,0))) -> 1+0,0370290489526552i | BA21: =IMABS(AZ21) -> 1.0006853 | BB21: =IMARGUMENT(AZ21) -> 0.037012139 | BC21: =IMPRODUCT(AS21,IMDIV(AZ21,IMPRODUCT(AT21,AW21))) -> -0,241326725207646+6,65664978462723i | BD21: =20*LOG(IMABS(BC21)) -> 16.470818 | BE21: =(180/PI())*IMARGUMENT(BC21) -> 92.076262 | BF21: =IMPRODUCT(AC21,BC21) -> 20,8198034200768+397,579649728963i | BG21: =20*LOG(IMABS(BF21)) -> 52.000376 | BH21: =(180/PI())*IMARGUMENT(BF21) -> 87.002366 | BI21: =IMPRODUCT(AP21,BC21) -> 42,0075957341956+2167,94915287888i | BJ21: =20*LOG(IMABS(BI21)) -> 66.722612 | BK21: =(180/PI())*IMARGUMENT(BI21) -> 88.889939 | BL21: =IF($B$31=0,BJ21,BG21) -> 52.000376 | BM21: =IF($B$31=0,BK21,BH21) -> 87.002366 | BO21: =SUM((BL22<0)*(BL21>0))*O21 -> 0 | BP21: =IF(BO21>0,BM21,0) -> 0
A22: Component Selection | N22: 4 | O22: =10^(1+(N22/100)) -> 10.964782 | P22: =COMPLEX(Adc,0) -> 60 | Q22: =IMSUM(COMPLEX(1,0),IMDIV(COMPLEX(0,2*PI()*O22),COMPLEX(wp_lf,0))) -> 1+0,0900211757042223i | R22: =IMABS(Q22) -> 1.0040437 | S22: =IMARGUMENT(Q22) -> 0.08977918 | T22: =IMSUM(COMPLEX(1,0),IMDIV(COMPLEX(0,2*PI()*O22),COMPLEX(wz_esr,0))) -> 1+0,00108025410845067i | U22: =IMABS(T22) -> 1.0000006 | V22: =IMARGUMENT(T22) -> 0.0010802537 | W22: =IMSUB(COMPLEX(1,0),IMDIV(COMPLEX(0,2*PI()*O22),COMPLEX(wz_rhp,0))) -> 1-0,00150705093254837i | X22: =IMABS(W22) -> 1.0000011 | Y22: =IMARGUMENT(W22) -> -0.0015070498 | Z22: =IMSUM(COMPLEX(1,0),IMDIV(COMPLEX(0,2*PI()*O22),COMPLEX(Q*(wsl/2),0)),IMDIV(IMPOWER(COMPLEX(0,2*PI()*O22),2),IMPOWER(COMPLEX(wsl/2,0),2))) -> 0,99999999901856+0,000402114581186084i | AA22: =IMABS(Z22) -> 1.0000001 | AB22: =IMARGUMENT(Z22) -> 0.00040211456 | AC22: =(IMDIV(IMPRODUCT(P22,T22,W22),IMPRODUCT(Q22,Z22))) -> 59,5133158346416-5,40719337711726i | AD22: =20*LOG(IMABS(AC22)) -> 35.527987 | AE22: =(180/PI())*IMARGUMENT(AC22) -> -5.1914612 | AF22: =COMPLEX($B$68,0) -> 326,048966736478 | AG22: =IMSUM(COMPLEX(1,0),IMDIV(COMPLEX(0,2*PI()*O22),COMPLEX(wp_lf_DCM,0))) -> 1+0,0578707558098573i | AH22: =IMABS(AG22) -> 1.0016731 | AI22: =IMARGUMENT(AG22) -> 0.057806282 | AJ22: =IMSUM(COMPLEX(1,0),IMDIV(COMPLEX(0,2*PI()*O22),COMPLEX(wz1_dcm,0))) -> 1+0,00108025410845067i | AK22: =IMABS(AJ22) -> 1.0000006 | AL22: =IMARGUMENT(AJ22) -> 0.0010802537 | AM22: =IMSUB(COMPLEX(1,0),IMDIV(COMPLEX(0,2*PI()*O22),COMPLEX(wz2_dcm,0))) -> 1-0,000178279533381669i | AN22: =IMABS(AM22) -> 1 | AO22: =IMARGUMENT(AM22) -> -0.00017827953 | AP22: =(IMDIV(IMPRODUCT(AF22,AJ22,AM22),IMPRODUCT(AG22))) -> 324,977690409633-18,5126166871235i | AQ22: =20*LOG(IMABS(AP22)) -> 50.251141 | AR22: =(180/PI())*IMARGUMENT(AP22) -> -3.2603767 | AS22: =COMPLEX(Adc_ea,0) -> -0,000100699300699301 | AT22: =COMPLEX(0,2*PI()*O22*wp0_ea) -> 0,0000154804271791368i | AU22: =IMABS(AT22) -> 1.5480427e-05 | AV22: =IMARGUMENT(AT22) -> 1.5707963 | AW22: =IMSUM(COMPLEX(1,0),IMDIV(COMPLEX(0,2*PI()*O22),COMPLEX(wp1_ea,0))) -> 1+0,000792569477655292i | AX22: =IMABS(AW22) -> 1.0000003 | AY22: =IMARGUMENT(AW22) -> 0.00079256931 | AZ22: =IMSUM(COMPLEX(1,0),IMDIV(COMPLEX(0,2*PI()*O22),COMPLEX(wz_ea,0))) -> 1+0,0378915663040731i | BA22: =IMABS(AZ22) -> 1.0007176 | BB22: =IMARGUMENT(AZ22) -> 0.037873447 | BC22: =IMPRODUCT(AS22,IMDIV(AZ22,IMPRODUCT(AT22,AW22))) -> -0,241326718384825+6,50513454488668i | BD22: =20*LOG(IMABS(BC22)) -> 16.271099 | BE22: =(180/PI())*IMARGUMENT(BC22) -> 92.124578 | BF22: =IMPRODUCT(AC22,BC22) -> 20,8123672177943+388,44702695005i | BG22: =20*LOG(IMABS(BF22)) -> 51.799085 | BH22: =(180/PI())*IMARGUMENT(BF22) -> 86.933117 | BI22: =IMPRODUCT(AP22,BC22) -> 42,0012627528163+2118,49118923501i | BJ22: =20*LOG(IMABS(BI22)) -> 66.52224 | BK22: =(180/PI())*IMARGUMENT(BI22) -> 88.864201 | BL22: =IF($B$31=0,BJ22,BG22) -> 51.799085 | BM22: =IF($B$31=0,BK22,BH22) -> 86.933117 | BO22: =SUM((BL23<0)*(BL22>0))*O22 -> 0 | BP22: =IF(BO22>0,BM22,0) -> 0
A23: LM | B23: =Lm -> 1e-05 | C23: H | E23: filter Inductor | N23: 5 | O23: =10^(1+(N23/100)) -> 11.220185 | P23: =COMPLEX(Adc,0) -> 60 | Q23: =IMSUM(COMPLEX(1,0),IMDIV(COMPLEX(0,2*PI()*O23),COMPLEX(wp_lf,0))) -> 1+0,0921180382550045i | R23: =IMABS(Q23) -> 1.0042339 | S23: =IMARGUMENT(Q23) -> 0.091858794 | T23: =IMSUM(COMPLEX(1,0),IMDIV(COMPLEX(0,2*PI()*O23),COMPLEX(wz_esr,0))) -> 1+0,00110541645906006i | U23: =IMABS(T23) -> 1.0000006 | V23: =IMARGUMENT(T23) -> 0.001105416 | W23: =IMSUB(COMPLEX(1,0),IMDIV(COMPLEX(0,2*PI()*O23),COMPLEX(wz_rhp,0))) -> 1-0,00154215465828691i | X23: =IMABS(W23) -> 1.0000012 | Y23: =IMARGUMENT(W23) -> -0.0015421534 | Z23: =IMSUM(COMPLEX(1,0),IMDIV(COMPLEX(0,2*PI()*O23),COMPLEX(Q*(wsl/2),0)),IMDIV(IMPOWER(COMPLEX(0,2*PI()*O23),2),IMPOWER(COMPLEX(wsl/2,0),2))) -> 0,999999998972306+0,000411481033021627i | AA23: =IMABS(Z23) -> 1.0000001 | AB23: =IMARGUMENT(Z23) -> 0.00041148101 | AC23: =(IMDIV(IMPRODUCT(P23,T23,W23),IMPRODUCT(Q23,Z23))) -> 59,490572113573-5,53104798525342i | AD23: =20*LOG(IMABS(AC23)) -> 35.526342 | AE23: =(180/PI())*IMARGUMENT(AC23) -> -5.3117205 | AF23: =COMPLEX($B$68,0) -> 326,048966736478 | AG23: =IMSUM(COMPLEX(1,0),IMDIV(COMPLEX(0,2*PI()*O23),COMPLEX(wp_lf_DCM,0))) -> 1+0,0592187388782172i | AH23: =IMABS(AG23) -> 1.0017519 | AI23: =IMARGUMENT(AG23) -> 0.05914966 | AJ23: =IMSUM(COMPLEX(1,0),IMDIV(COMPLEX(0,2*PI()*O23),COMPLEX(wz1_dcm,0))) -> 1+0,00110541645906006i | AK23: =IMABS(AJ23) -> 1.0000006 | AL23: =IMARGUMENT(AJ23) -> 0.001105416 | AM23: =IMSUB(COMPLEX(1,0),IMDIV(COMPLEX(0,2*PI()*O23),COMPLEX(wz2_dcm,0))) -> 1-0,000182432197176544i | AN23: =IMABS(AM23) -> 1 | AO23: =IMARGUMENT(AM23) -> -0.0001824322 | AP23: =(IMDIV(IMPRODUCT(AF23,AJ23,AM23),IMPRODUCT(AG23))) -> 324,927379146296-18,9408515551468i | AQ23: =20*LOG(IMABS(AP23)) -> 50.250459 | AR23: =(180/PI())*IMARGUMENT(AP23) -> -3.3361428 | AS23: =COMPLEX(Adc_ea,0) -> -0,000100699300699301 | AT23: =COMPLEX(0,2*PI()*O23*wp0_ea) -> 0,0000158410126499231i | AU23: =IMABS(AT23) -> 1.5841013e-05 | AV23: =IMARGUMENT(AT23) -> 1.5707963 | AW23: =IMSUM(COMPLEX(1,0),IMDIV(COMPLEX(0,2*PI()*O23),COMPLEX(wp1_ea,0))) -> 1+0,000811030792380272i | AX23: =IMABS(AW23) -> 1.0000003 | AY23: =IMARGUMENT(AW23) -> 0.00081103061 | AZ23: =IMSUM(COMPLEX(1,0),IMDIV(COMPLEX(0,2*PI()*O23),COMPLEX(wz_ea,0))) -> 1+0,0387741742654993i | BA23: =IMABS(AZ23) -> 1.0007514 | BB23: =IMARGUMENT(AZ23) -> 0.03875476 | BC23: =IMPRODUCT(AS23,IMDIV(AZ23,IMPRODUCT(AT23,AW23))) -> -0,241326711240457+6,35706841358703i | BD23: =20*LOG(IMABS(BC23)) -> 16.071392 | BE23: =(180/PI())*IMARGUMENT(BC23) -> 92.174016 | BF23: =IMPRODUCT(AC23,BC23) -> 20,8045863231069+379,520426509411i | BG23: =20*LOG(IMABS(BF23)) -> 51.597734 | BH23: =(180/PI())*IMARGUMENT(BF23) -> 86.862295 | BI23: =IMPRODUCT(AP23,BC23) -> 41,9946333463079+2070,15651209443i | BJ23: =20*LOG(IMABS(BI23)) -> 66.32185 | BK23: =(180/PI())*IMARGUMENT(BI23) -> 88.837873 | BL23: =IF($B$31=0,BJ23,BG23) -> 51.597734 | BM23: =IF($B$31=0,BK23,BH23) -> 86.862295 | BO23: =SUM((BL24<0)*(BL23>0))*O23 -> 0 | BP23: =IF(BO23>0,BM23,0) -> 0
N24: 6 | O24: =10^(1+(N24/100)) -> 11.481536 | P24: =COMPLEX(Adc,0) -> 60 | Q24: =IMSUM(COMPLEX(1,0),IMDIV(COMPLEX(0,2*PI()*O24),COMPLEX(wp_lf,0))) -> 1+0,0942637430089966i | R24: =IMABS(Q24) -> 1.004433 | S24: =IMARGUMENT(Q24) -> 0.093986024 | T24: =IMSUM(COMPLEX(1,0),IMDIV(COMPLEX(0,2*PI()*O24),COMPLEX(wz_esr,0))) -> 1+0,00113116491610796i | U24: =IMABS(T24) -> 1.0000006 | V24: =IMARGUMENT(T24) -> 0.0011311644 | W24: =IMSUB(COMPLEX(1,0),IMDIV(COMPLEX(0,2*PI()*O24),COMPLEX(wz_rhp,0))) -> 1-0,00157807605483811i | X24: =IMABS(W24) -> 1.0000012 | Y24: =IMARGUMENT(W24) -> -0.0015780747 | Z24: =IMSUM(COMPLEX(1,0),IMDIV(COMPLEX(0,2*PI()*O24),COMPLEX(Q*(wsl/2),0)),IMDIV(IMPOWER(COMPLEX(0,2*PI()*O24),2),IMPOWER(COMPLEX(wsl/2,0),2))) -> 0,999999998923872+0,000421065657547476i | AA24: =IMABS(Z24) -> 1.0000001 | AB24: =IMARGUMENT(Z24) -> 0.00042106563 | AC24: =(IMDIV(IMPRODUCT(P24,T24,W24),IMPRODUCT(Q24,Z24))) -> 59,4667749699623-5,65763943706665i | AD24: =20*LOG(IMABS(AC24)) -> 35.524621 | AE24: =(180/PI())*IMARGUMENT(AC24) -> -5.4347339 | AF24: =COMPLEX($B$68,0) -> 326,048966736478 | AG24: =IMSUM(COMPLEX(1,0),IMDIV(COMPLEX(0,2*PI()*O24),COMPLEX(wp_lf_DCM,0))) -> 1+0,0605981205057836i | AH24: =IMABS(AG24) -> 1.0018344 | AI24: =IMARGUMENT(AG24) -> 0.060524109 | AJ24: =IMSUM(COMPLEX(1,0),IMDIV(COMPLEX(0,2*PI()*O24),COMPLEX(wz1_dcm,0))) -> 1+0,00113116491610796i | AK24: =IMABS(AJ24) -> 1.0000006 | AL24: =IMARGUMENT(AJ24) -> 0.0011311644 | AM24: =IMSUB(COMPLEX(1,0),IMDIV(COMPLEX(0,2*PI()*O24),COMPLEX(wz2_dcm,0))) -> 1-0,000186681588937138i | AN24: =IMABS(AM24) -> 1 | AO24: =IMARGUMENT(AM24) -> -0.00018668159 | AP24: =(IMDIV(IMPRODUCT(AF24,AJ24,AM24),IMPRODUCT(AG24))) -> 324,874713745972-19,3788492399365i | AQ24: =20*LOG(IMABS(AP24)) -> 50.249744 | AR24: =(180/PI())*IMARGUMENT(AP24) -> -3.4136611 | AS24: =COMPLEX(Adc_ea,0) -> -0,000100699300699301 | AT24: =COMPLEX(0,2*PI()*O24*wp0_ea) -> 0,0000162099972352971i | AU24: =IMABS(AT24) -> 1.6209997e-05 | AV24: =IMARGUMENT(AT24) -> 1.5707963 | AW24: =IMSUM(COMPLEX(1,0),IMDIV(COMPLEX(0,2*PI()*O24),COMPLEX(wp1_ea,0))) -> 1+0,00082992212636664i | AX24: =IMABS(AW24) -> 1.0000003 | AY24: =IMARGUMENT(AW24) -> 0.00082992194 | AZ24: =IMSUM(COMPLEX(1,0),IMDIV(COMPLEX(0,2*PI()*O24),COMPLEX(wz_ea,0))) -> 1+0,0396773408073582i | BA24: =IMABS(AZ24) -> 1.0007868 | BB24: =IMARGUMENT(AZ24) -> 0.039656539 | BC24: =IMPRODUCT(AS24,IMDIV(AZ24,IMPRODUCT(AT24,AW24))) -> -0,241326703759385+6,21237288410541i | BD24: =20*LOG(IMABS(BC24)) -> 15.871699 | BE24: =(180/PI())*IMARGUMENT(BC24) -> 92.224601 | BF24: =IMPRODUCT(AC24,BC24) -> 20,7964450401762+370,795119804999i | BG24: =20*LOG(IMABS(BF24)) -> 51.39632 | BH24: =(180/PI())*IMARGUMENT(BF24) -> 86.789867 | BI24: =IMPRODUCT(AP24,BC24) -> 41,9876937402591+2022,91949621671i | BJ24: =20*LOG(IMABS(BI24)) -> 66.121443 | BK24: =(180/PI())*IMARGUMENT(BI24) -> 88.81094 | BL24: =IF($B$31=0,BJ24,BG24) -> 51.39632 | BM24: =IF($B$31=0,BK24,BH24) -> 86.789867 | BO24: =SUM((BL25<0)*(BL24>0))*O24 -> 0 | BP24: =IF(BO24>0,BM24,0) -> 0
A25: R_cs | B25: =R_cs -> 0.01 | C25: Ω | E25: Current sense resi | N25: 7 | O25: =10^(1+(N25/100)) -> 11.748976 | P25: =COMPLEX(Adc,0) -> 60 | Q25: =IMSUM(COMPLEX(1,0),IMDIV(COMPLEX(0,2*PI()*O25),COMPLEX(wp_lf,0))) -> 1+0,0964594276472604i | R25: =IMABS(Q25) -> 1.0046414 | S25: =IMARGUMENT(Q25) -> 0.09616192 | T25: =IMSUM(COMPLEX(1,0),IMDIV(COMPLEX(0,2*PI()*O25),COMPLEX(wz_esr,0))) -> 1+0,00115751313176713i | U25: =IMABS(T25) -> 1.0000007 | V25: =IMARGUMENT(T25) -> 0.0011575126 | W25: =IMSUB(COMPLEX(1,0),IMDIV(COMPLEX(0,2*PI()*O25),COMPLEX(wz_rhp,0))) -> 1-0,00161483416820191i | X25: =IMABS(W25) -> 1.0000013 | Y25: =IMARGUMENT(W25) -> -0.0016148328 | Z25: =IMSUM(COMPLEX(1,0),IMDIV(COMPLEX(0,2*PI()*O25),COMPLEX(Q*(wsl/2),0)),IMDIV(IMPOWER(COMPLEX(0,2*PI()*O25),2),IMPOWER(COMPLEX(wsl/2,0),2))) -> 0,999999998873156+0,000430873536658422i | AA25: =IMABS(Z25) -> 1.0000001 | AB25: =IMARGUMENT(Z25) -> 0.00043087351 | AC25: =(IMDIV(IMPRODUCT(P25,T25,W25),IMPRODUCT(Q25,Z25))) -> 59,4418765140646-5,78702109972998i | AD25: =20*LOG(IMABS(AC25)) -> 35.52282 | AE25: =(180/PI())*IMARGUMENT(AC25) -> -5.5605619 | AF25: =COMPLEX($B$68,0) -> 326,048966736478 | AG25: =IMSUM(COMPLEX(1,0),IMDIV(COMPLEX(0,2*PI()*O25),COMPLEX(wp_lf_DCM,0))) -> 1+0,0620096320589532i | AH25: =IMABS(AG25) -> 1.0019208 | AI25: =IMARGUMENT(AG25) -> 0.061930335 | AJ25: =IMSUM(COMPLEX(1,0),IMDIV(COMPLEX(0,2*PI()*O25),COMPLEX(wz1_dcm,0))) -> 1+0,00115751313176713i | AK25: =IMABS(AJ25) -> 1.0000007 | AL25: =IMARGUMENT(AJ25) -> 0.0011575126 | AM25: =IMSUB(COMPLEX(1,0),IMDIV(COMPLEX(0,2*PI()*O25),COMPLEX(wz2_dcm,0))) -> 1-0,00019102996174721i | AN25: =IMABS(AM25) -> 1 | AO25: =IMARGUMENT(AM25) -> -0.00019102996 | AP25: =(IMDIV(IMPRODUCT(AF25,AJ25,AM25),IMPRODUCT(AG25))) -> 324,819584888661-19,8268221055346i | AQ25: =20*LOG(IMABS(AP25)) -> 50.248995 | AR25: =(180/PI())*IMARGUMENT(AP25) -> -3.4929715 | AS25: =COMPLEX(Adc_ea,0) -> -0,000100699300699301 | AT25: =COMPLEX(0,2*PI()*O25*wp0_ea) -> 0,00001658757657577i | AU25: =IMABS(AT25) -> 1.6587577e-05 | AV25: =IMARGUMENT(AT25) -> 1.5707963 | AW25: =IMSUM(COMPLEX(1,0),IMDIV(COMPLEX(0,2*PI()*O25),COMPLEX(wp1_ea,0))) -> 1+0,000849253496049727i | AX25: =IMABS(AW25) -> 1.0000004 | AY25: =IMARGUMENT(AW25) -> 0.00084925329 | AZ25: =IMSUM(COMPLEX(1,0),IMDIV(COMPLEX(0,2*PI()*O25),COMPLEX(wz_ea,0))) -> 1+0,040601544800505i | BA25: =IMABS(AZ25) -> 1.0008239 | BB25: =IMARGUMENT(AZ25) -> 0.040579256 | BC25: =IMPRODUCT(AS25,IMDIV(AZ25,IMPRODUCT(AT25,AW25))) -> -0,24132669592574+6,0709712369568i | BD25: =20*LOG(IMABS(BC25)) -> 15.672021 | BE25: =(180/PI())*IMARGUMENT(BC25) -> 92.276362 | BF25: =IMPRODUCT(AC25,BC25) -> 20,7879269853578+362,266485268875i | BG25: =20*LOG(IMABS(BF25)) -> 51.19484 | BH25: =(180/PI())*IMARGUMENT(BF25) -> 86.7158 | BI25: =IMPRODUCT(AP25,BC25) -> 41,9804295298088+1976,75509852874i | BJ25: =20*LOG(IMABS(BI25)) -> 65.921016 | BK25: =(180/PI())*IMARGUMENT(BI25) -> 88.78339 | BL25: =IF($B$31=0,BJ25,BG25) -> 51.19484 | BM25: =IF($B$31=0,BK25,BH25) -> 86.7158 | BO25: =SUM((BL26<0)*(BL25>0))*O25 -> 0 | BP25: =IF(BO25>0,BM25,0) -> 0
A26: R_sl | B26: =R_sl -> 0 | C26: Ω | E26: External Slope Compensation Resistor | N26: 8 | O26: =10^(1+(N26/100)) -> 12.022644 | P26: =COMPLEX(Adc,0) -> 60 | Q26: =IMSUM(COMPLEX(1,0),IMDIV(COMPLEX(0,2*PI()*O26),COMPLEX(wp_lf,0))) -> 1+0,0987062563508536i | R26: =IMABS(Q26) -> 1.0048597 | S26: =IMARGUMENT(Q26) -> 0.098387555 | T26: =IMSUM(COMPLEX(1,0),IMDIV(COMPLEX(0,2*PI()*O26),COMPLEX(wz_esr,0))) -> 1+0,00118447507621024i | U26: =IMABS(T26) -> 1.0000007 | V26: =IMARGUMENT(T26) -> 0.0011844745 | W26: =IMSUB(COMPLEX(1,0),IMDIV(COMPLEX(0,2*PI()*O26),COMPLEX(wz_rhp,0))) -> 1-0,00165244848801652i | X26: =IMABS(W26) -> 1.0000014 | Y26: =IMARGUMENT(W26) -> -0.001652447 | Z26: =IMSUM(COMPLEX(1,0),IMDIV(COMPLEX(0,2*PI()*O26),COMPLEX(Q*(wsl/2),0)),IMDIV(IMPOWER(COMPLEX(0,2*PI()*O26),2),IMPOWER(COMPLEX(wsl/2,0),2))) -> 0,999999998820049+0,000440909870621786i | AA26: =IMABS(Z26) -> 1.0000001 | AB26: =IMARGUMENT(Z26) -> 0.00044090984 | AC26: =(IMDIV(IMPRODUCT(P26,T26,W26),IMPRODUCT(Q26,Z26))) -> 59,4158267651067-5,91924686619362i | AD26: =20*LOG(IMABS(AC26)) -> 35.520934 | AE26: =(180/PI())*IMARGUMENT(AC26) -> -5.6892668 | AF26: =COMPLEX($B$68,0) -> 326,048966736478 | AG26: =IMSUM(COMPLEX(1,0),IMDIV(COMPLEX(0,2*PI()*O26),COMPLEX(wp_lf_DCM,0))) -> 1+0,0634540219398345i | AH26: =IMABS(AG26) -> 1.0020112 | AI26: =IMARGUMENT(AG26) -> 0.063369063 | AJ26: =IMSUM(COMPLEX(1,0),IMDIV(COMPLEX(0,2*PI()*O26),COMPLEX(wz1_dcm,0))) -> 1+0,00118447507621024i | AK26: =IMABS(AJ26) -> 1.0000007 | AL26: =IMARGUMENT(AJ26) -> 0.0011844745 | AM26: =IMSUB(COMPLEX(1,0),IMDIV(COMPLEX(0,2*PI()*O26),COMPLEX(wz2_dcm,0))) -> 1-0,00019547962117158i | AN26: =IMABS(AM26) -> 1 | AO26: =IMARGUMENT(AM26) -> -0.00019547962 | AP26: =(IMDIV(IMPRODUCT(AF26,AJ26,AM26),IMPRODUCT(AG26))) -> 324,761878257897-20,284986401976i | AQ26: =20*LOG(IMABS(AP26)) -> 50.248211 | AR26: =(180/PI())*IMARGUMENT(AP26) -> -3.5741146 | AS26: =COMPLEX(Adc_ea,0) -> -0,000100699300699301 | AT26: =COMPLEX(0,2*PI()*O26*wp0_ea) -> 0,0000169739508689057i | AU26: =IMABS(AT26) -> 1.6973951e-05 | AV26: =IMARGUMENT(AT26) -> 1.5707963 | AW26: =IMSUM(COMPLEX(1,0),IMDIV(COMPLEX(0,2*PI()*O26),COMPLEX(wp1_ea,0))) -> 1+0,000869035151177614i | AX26: =IMABS(AW26) -> 1.0000004 | AY26: =IMARGUMENT(AW26) -> 0.00086903493 | AZ26: =IMSUM(COMPLEX(1,0),IMDIV(COMPLEX(0,2*PI()*O26),COMPLEX(wz_ea,0))) -> 1+0,0415472762701297i | BA26: =IMABS(AZ26) -> 1.0008627 | BB26: =IMARGUMENT(AZ26) -> 0.041523395 | BC26: =IMPRODUCT(AS26,IMDIV(AZ26,IMPRODUCT(AT26,AW26))) -> -0,24132668772291+5,93278849911629i | BD26: =20*LOG(IMABS(BC26)) -> 15.472357 | BE26: =(180/PI())*IMARGUMENT(BC26) -> 92.329323 | BF26: =IMPRODUCT(AC26,BC26) -> 20,7790150596422+353,930005937544i | BG26: =20*LOG(IMABS(BF26)) -> 50.993291 | BH26: =(180/PI())*IMARGUMENT(BF26) -> 86.640056 | BI26: =IMPRODUCT(AP26,BC26) -> 41,9728256517243+1931,63884485875i | BJ26: =20*LOG(IMABS(BI26)) -> 65.720569 | BK26: =(180/PI())*IMARGUMENT(BI26) -> 88.755209 | BL26: =IF($B$31=0,BJ26,BG26) -> 50.993291 | BM26: =IF($B$31=0,BK26,BH26) -> 86.640056 | BO26: =SUM((BL27<0)*(BL26>0))*O26 -> 0 | BP26: =IF(BO26>0,BM26,0) -> 0
A27: Rsl_int | B27: =Rsl_int -> 2000 | C27: Ω | E27: Interanl Slope Compesnation Resistor | N27: 9 | O27: =10^(1+(N27/100)) -> 12.302688 | P27: =COMPLEX(Adc,0) -> 60 | Q27: =IMSUM(COMPLEX(1,0),IMDIV(COMPLEX(0,2*PI()*O27),COMPLEX(wp_lf,0))) -> 1+0,101005420418096i | R27: =IMABS(Q27) -> 1.0050881 | S27: =IMARGUMENT(Q27) -> 0.10066402 | T27: =IMSUM(COMPLEX(1,0),IMDIV(COMPLEX(0,2*PI()*O27),COMPLEX(wz_esr,0))) -> 1+0,00121206504501716i | U27: =IMABS(T27) -> 1.0000007 | V27: =IMARGUMENT(T27) -> 0.0012120645 | W27: =IMSUB(COMPLEX(1,0),IMDIV(COMPLEX(0,2*PI()*O27),COMPLEX(wz_rhp,0))) -> 1-0,00169093895789224i | X27: =IMABS(W27) -> 1.0000014 | Y27: =IMARGUMENT(W27) -> -0.0016909373 | Z27: =IMSUM(COMPLEX(1,0),IMDIV(COMPLEX(0,2*PI()*O27),COMPLEX(Q*(wsl/2),0)),IMDIV(IMPOWER(COMPLEX(0,2*PI()*O27),2),IMPOWER(COMPLEX(wsl/2,0),2))) -> 0,99999999876444+0,000451179980834688i | AA27: =IMABS(Z27) -> 1.0000001 | AB27: =IMARGUMENT(Z27) -> 0.00045117995 | AC27: =(IMDIV(IMPRODUCT(P27,T27,W27),IMPRODUCT(Q27,Z27))) -> 59,3885735682363-6,05437111913854i | AD27: =20*LOG(IMABS(AC27)) -> 35.51896 | AE27: =(180/PI())*IMARGUMENT(AC27) -> -5.8209115 | AF27: =COMPLEX($B$68,0) -> 326,048966736478 | AG27: =IMSUM(COMPLEX(1,0),IMDIV(COMPLEX(0,2*PI()*O27),COMPLEX(wp_lf_DCM,0))) -> 1+0,0649320559830621i | AH27: =IMABS(AG27) -> 1.0021059 | AI27: =IMARGUMENT(AG27) -> 0.064841031 | AJ27: =IMSUM(COMPLEX(1,0),IMDIV(COMPLEX(0,2*PI()*O27),COMPLEX(wz1_dcm,0))) -> 1+0,00121206504501716i | AK27: =IMABS(AJ27) -> 1.0000007 | AL27: =IMARGUMENT(AJ27) -> 0.0012120645 | AM27: =IMSUB(COMPLEX(1,0),IMDIV(COMPLEX(0,2*PI()*O27),COMPLEX(wz2_dcm,0))) -> 1-0,000200032926478575i | AN27: =IMABS(AM27) -> 1 | AO27: =IMARGUMENT(AM27) -> -0.00020003292 | AP27: =(IMDIV(IMPRODUCT(AF27,AJ27,AM27),IMPRODUCT(AG27))) -> 324,701474320073-20,7535622817801i | AQ27: =20*LOG(IMABS(AP27)) -> 50.247391 | AR27: =(180/PI())*IMARGUMENT(AP27) -> -3.6571323 | AS27: =COMPLEX(Adc_ea,0) -> -0,000100699300699301 | AT27: =COMPLEX(0,2*PI()*O27*wp0_ea) -> 0,0000173693249754691i | AU27: =IMABS(AT27) -> 1.7369325e-05 | AV27: =IMARGUMENT(AT27) -> 1.5707963 | AW27: =IMSUM(COMPLEX(1,0),IMDIV(COMPLEX(0,2*PI()*O27),COMPLEX(wp1_ea,0))) -> 1+0,0008892775802457i | AX27: =IMABS(AW27) -> 1.0000004 | AY27: =IMARGUMENT(AW27) -> 0.00088927735 | AZ27: =IMSUM(COMPLEX(1,0),IMDIV(COMPLEX(0,2*PI()*O27),COMPLEX(wz_ea,0))) -> 1+0,0425150366555763i | BA27: =IMABS(AZ27) -> 1.0009034 | BB27: =IMARGUMENT(AZ27) -> 0.042489449 | BC27: =IMPRODUCT(AS27,IMDIV(AZ27,IMPRODUCT(AT27,AW27))) -> -0,241326679133492+5,797751404267i | BD27: =20*LOG(IMABS(BC27)) -> 15.27271 | BE27: =(180/PI())*IMARGUMENT(BC27) -> 92.383514 | BF27: =IMPRODUCT(AC27,BC27) -> 20,7696914202415+345,781267079079i | BG27: =20*LOG(IMABS(BF27)) -> 50.79167 | BH27: =(180/PI())*IMARGUMENT(BF27) -> 86.562603 | BI27: =IMPRODUCT(AP27,BC27) -> 41,9648663553212+1887,54681697242i | BJ27: =20*LOG(IMABS(BI27)) -> 65.520101 | BK27: =(180/PI())*IMARGUMENT(BI27) -> 88.726382 | BL27: =IF($B$31=0,BJ27,BG27) -> 50.79167 | BM27: =IF($B$31=0,BK27,BH27) -> 86.562603 | BO27: =SUM((BL28<0)*(BL27>0))*O27 -> 0 | BP27: =IF(BO27>0,BM27,0) -> 0
A28: Isl | B28: =Isl -> 4.3e-05 | C28: A | E28: Interanl Slope Compesnation current | N28: 10 | O28: =10^(1+(N28/100)) -> 12.589254 | P28: =COMPLEX(Adc,0) -> 60 | Q28: =IMSUM(COMPLEX(1,0),IMDIV(COMPLEX(0,2*PI()*O28),COMPLEX(wp_lf,0))) -> 1+0,10335813889621i | R28: =IMABS(Q28) -> 1.0053273 | S28: =IMARGUMENT(Q28) -> 0.10299243 | T28: =IMSUM(COMPLEX(1,0),IMDIV(COMPLEX(0,2*PI()*O28),COMPLEX(wz_esr,0))) -> 1+0,00124029766675452i | U28: =IMABS(T28) -> 1.0000008 | V28: =IMARGUMENT(T28) -> 0.001240297 | W28: =IMSUB(COMPLEX(1,0),IMDIV(COMPLEX(0,2*PI()*O28),COMPLEX(wz_rhp,0))) -> 1-0,00173032598598566i | X28: =IMABS(W28) -> 1.0000015 | Y28: =IMARGUMENT(W28) -> -0.0017303243 | Z28: =IMSUM(COMPLEX(1,0),IMDIV(COMPLEX(0,2*PI()*O28),COMPLEX(Q*(wsl/2),0)),IMDIV(IMPOWER(COMPLEX(0,2*PI()*O28),2),IMPOWER(COMPLEX(wsl/2,0),2))) -> 0,99999999870621+0,000461689312645503i | AA28: =IMABS(Z28) -> 1.0000001 | AB28: =IMARGUMENT(Z28) -> 0.00046168928 | AC28: =(IMDIV(IMPRODUCT(P28,T28,W28),IMPRODUCT(Q28,Z28))) -> 59,3600625089799-6,19244869099167i | AD28: =20*LOG(IMABS(AC28)) -> 35.516895 | AE28: =(180/PI())*IMARGUMENT(AC28) -> -5.9555606 | AF28: =COMPLEX($B$68,0) -> 326,048966736478 | AG28: =IMSUM(COMPLEX(1,0),IMDIV(COMPLEX(0,2*PI()*O28),COMPLEX(wp_lf_DCM,0))) -> 1+0,0664445178618492i | AH28: =IMABS(AG28) -> 1.002205 | AI28: =IMARGUMENT(AG28) -> 0.066346995 | AJ28: =IMSUM(COMPLEX(1,0),IMDIV(COMPLEX(0,2*PI()*O28),COMPLEX(wz1_dcm,0))) -> 1+0,00124029766675452i | AK28: =IMABS(AJ28) -> 1.0000008 | AL28: =IMARGUMENT(AJ28) -> 0.001240297 | AM28: =IMSUB(COMPLEX(1,0),IMDIV(COMPLEX(0,2*PI()*O28),COMPLEX(wz2_dcm,0))) -> 1-0,000204692291890938i | AN28: =IMABS(AM28) -> 1 | AO28: =IMARGUMENT(AM28) -> -0.00020469229 | AP28: =(IMDIV(IMPRODUCT(AF28,AJ28,AM28),IMPRODUCT(AG28))) -> 324,638248094793-21,2327738117529i | AQ28: =20*LOG(IMABS(AP28)) -> 50.246532 | AR28: =(180/PI())*IMARGUMENT(AP28) -> -3.742067 | AS28: =COMPLEX(Adc_ea,0) -> -0,000100699300699301 | AT28: =COMPLEX(0,2*PI()*O28*wp0_ea) -> 0,0000177739085280447i | AU28: =IMABS(AT28) -> 1.7773909e-05 | AV28: =IMARGUMENT(AT28) -> 1.5707963 | AW28: =IMSUM(COMPLEX(1,0),IMDIV(COMPLEX(0,2*PI()*O28),COMPLEX(wp1_ea,0))) -> 1+0,000909991516057814i | AX28: =IMABS(AW28) -> 1.0000004 | AY28: =IMARGUMENT(AW28) -> 0.00090999126 | AZ28: =IMSUM(COMPLEX(1,0),IMDIV(COMPLEX(0,2*PI()*O28),COMPLEX(wz_ea,0))) -> 1+0,0435053390762107i | BA28: =IMABS(AZ28) -> 1.0009459 | BB28: =IMARGUMENT(AZ28) -> 0.043477922 | BC28: =IMPRODUCT(AS28,IMDIV(AZ28,IMPRODUCT(AT28,AW28))) -> -0,241326670139267+5,66578835395385i | BD28: =20*LOG(IMABS(BC28)) -> 15.073079 | BE28: =(180/PI())*IMARGUMENT(BC28) -> 92.438963 | BF28: =IMPRODUCT(AC28,BC28) -> 20,7599374513265+337,815953875956i | BG28: =20*LOG(IMABS(BF28)) -> 50.589973 | BH28: =(180/PI())*IMARGUMENT(BF28) -> 86.483402 | BI28: =IMPRODUCT(AP28,BC28) -> 41,9565351722042+1844,45563990527i | BJ28: =20*LOG(IMABS(BI28)) -> 65.319611 | BK28: =(180/PI())*IMARGUMENT(BI28) -> 88.696896 | BL28: =IF($B$31=0,BJ28,BG28) -> 50.589973 | BM28: =IF($B$31=0,BK28,BH28) -> 86.483402 | BO28: =SUM((BL29<0)*(BL28>0))*O28 -> 0 | BP28: =IF(BO28>0,BM28,0) -> 0
N29: 11 | O29: =10^(1+(N29/100)) -> 12.882496 | P29: =COMPLEX(Adc,0) -> 60 | Q29: =IMSUM(COMPLEX(1,0),IMDIV(COMPLEX(0,2*PI()*O29),COMPLEX(wp_lf,0))) -> 1+0,105765659227672i | R29: =IMABS(Q29) -> 1.0055776 | S29: =IMARGUMENT(Q29) -> 0.10537391 | T29: =IMSUM(COMPLEX(1,0),IMDIV(COMPLEX(0,2*PI()*O29),COMPLEX(wz_esr,0))) -> 1+0,00126918791073206i | U29: =IMABS(T29) -> 1.0000008 | V29: =IMARGUMENT(T29) -> 0.0012691872 | W29: =IMSUB(COMPLEX(1,0),IMDIV(COMPLEX(0,2*PI()*O29),COMPLEX(wz_rhp,0))) -> 1-0,0017706304558204i | X29: =IMABS(W29) -> 1.0000016 | Y29: =IMARGUMENT(W29) -> -0.0017706286 | Z29: =IMSUM(COMPLEX(1,0),IMDIV(COMPLEX(0,2*PI()*O29),COMPLEX(Q*(wsl/2),0)),IMDIV(IMPOWER(COMPLEX(0,2*PI()*O29),2),IMPOWER(COMPLEX(wsl/2,0),2))) -> 0,999999998645235+0,000472443438241059i | AA29: =IMABS(Z29) -> 1.0000001 | AB29: =IMARGUMENT(Z29) -> 0.0004724434 | AC29: =(IMDIV(IMPRODUCT(P29,T29,W29),IMPRODUCT(Q29,Z29))) -> 59,3302368252154-6,33353481972993i | AD29: =20*LOG(IMABS(AC29)) -> 35.514733 | AE29: =(180/PI())*IMARGUMENT(AC29) -> -6.0932796 | AF29: =COMPLEX($B$68,0) -> 326,048966736478 | AG29: =IMSUM(COMPLEX(1,0),IMDIV(COMPLEX(0,2*PI()*O29),COMPLEX(wp_lf_DCM,0))) -> 1+0,0679922095035033i | AH29: =IMABS(AG29) -> 1.0023088 | AI29: =IMARGUMENT(AG29) -> 0.067887725 | AJ29: =IMSUM(COMPLEX(1,0),IMDIV(COMPLEX(0,2*PI()*O29),COMPLEX(wz1_dcm,0))) -> 1+0,00126918791073206i | AK29: =IMABS(AJ29) -> 1.0000008 | AL29: =IMARGUMENT(AJ29) -> 0.0012691872 | AM29: =IMSUB(COMPLEX(1,0),IMDIV(COMPLEX(0,2*PI()*O29),COMPLEX(wz2_dcm,0))) -> 1-0,000209460187865882i | AN29: =IMABS(AM29) -> 1 | AO29: =IMARGUMENT(AM29) -> -0.00020946018 | AP29: =(IMDIV(IMPRODUCT(AF29,AJ29,AM29),IMPRODUCT(AG29))) -> 324,572068915912-21,7228489796537i | AQ29: =20*LOG(IMABS(AP29)) -> 50.245633 | AR29: =(180/PI())*IMARGUMENT(AP29) -> -3.8289622 | AS29: =COMPLEX(Adc_ea,0) -> -0,000100699300699301 | AT29: =COMPLEX(0,2*PI()*O29*wp0_ea) -> 0,0000181879160421871i | AU29: =IMABS(AT29) -> 1.8187916e-05 | AV29: =IMARGUMENT(AT29) -> 1.5707963 | AW29: =IMSUM(COMPLEX(1,0),IMDIV(COMPLEX(0,2*PI()*O29),COMPLEX(wp1_ea,0))) -> 1+0,000931187941416894i | AX29: =IMABS(AW29) -> 1.0000004 | AY29: =IMARGUMENT(AW29) -> 0.00093118767 | AZ29: =IMSUM(COMPLEX(1,0),IMDIV(COMPLEX(0,2*PI()*O29),COMPLEX(wz_ea,0))) -> 1+0,0445187086034842i | BA29: =IMABS(AZ29) -> 1.0009905 | BB29: =IMARGUMENT(AZ29) -> 0.044489333 | BC29: =IMPRODUCT(AS29,IMDIV(AZ29,IMPRODUCT(AT29,AW29))) -> -0,241326660721158+5,53682937962085i | BD29: =20*LOG(IMABS(BC29)) -> 14.873465 | BE29: =(180/PI())*IMARGUMENT(BC29) -> 92.495698 | BF29: =IMPRODUCT(AC29,BC29) -> 20,7497337339076+330,029849162322i | BG29: =20*LOG(IMABS(BF29)) -> 50.388198 | BH29: =(180/PI())*IMARGUMENT(BF29) -> 86.402418 | BI29: =IMPRODUCT(AP29,BC29) -> 41,9478148847788+1802,34246958355i | BJ29: =20*LOG(IMABS(BI29)) -> 65.119098 | BK29: =(180/PI())*IMARGUMENT(BI29) -> 88.666736 | BL29: =IF($B$31=0,BJ29,BG29) -> 50.388198 | BM29: =IF($B$31=0,BK29,BH29) -> 86.402418 | BO29: =SUM((BL30<0)*(BL29>0))*O29 -> 0 | BP29: =IF(BO29>0,BM29,0) -> 0
A30: Gcomp | B30: =Gcomp -> 0.9 | E30: Scale down factor of the interal comp voltage divider | N30: 12 | O30: =10^(1+(N30/100)) -> 13.182567 | P30: =COMPLEX(Adc,0) -> 60 | Q30: =IMSUM(COMPLEX(1,0),IMDIV(COMPLEX(0,2*PI()*O30),COMPLEX(wp_lf,0))) -> 1+0,108229257911631i | R30: =IMABS(Q30) -> 1.0058397 | S30: =IMARGUMENT(Q30) -> 0.10780962 | T30: =IMSUM(COMPLEX(1,0),IMDIV(COMPLEX(0,2*PI()*O30),COMPLEX(wz_esr,0))) -> 1+0,00129875109493958i | U30: =IMABS(T30) -> 1.0000008 | V30: =IMARGUMENT(T30) -> 0.0012987504 | W30: =IMSUB(COMPLEX(1,0),IMDIV(COMPLEX(0,2*PI()*O30),COMPLEX(wz_rhp,0))) -> 1-0,0018118737373599i | X30: =IMABS(W30) -> 1.0000016 | Y30: =IMARGUMENT(W30) -> -0.0018118718 | Z30: =IMSUM(COMPLEX(1,0),IMDIV(COMPLEX(0,2*PI()*O30),COMPLEX(Q*(wsl/2),0)),IMDIV(IMPOWER(COMPLEX(0,2*PI()*O30),2),IMPOWER(COMPLEX(wsl/2,0),2))) -> 0,999999998581387+0,000483448059601103i | AA30: =IMABS(Z30) -> 1.0000001 | AB30: =IMARGUMENT(Z30) -> 0.00048344802 | AC30: =(IMDIV(IMPRODUCT(P30,T30,W30),IMPRODUCT(Q30,Z30))) -> 59,2990373166816-6,47768510018881i | AD30: =20*LOG(IMABS(AC30)) -> 35.51247 | AE30: =(180/PI())*IMARGUMENT(AC30) -> -6.2341354 | AF30: =COMPLEX($B$68,0) -> 326,048966736478 | AG30: =IMSUM(COMPLEX(1,0),IMDIV(COMPLEX(0,2*PI()*O30),COMPLEX(wp_lf_DCM,0))) -> 1+0,0695759515146202i | AH30: =IMABS(AG30) -> 1.0024175 | AI30: =IMARGUMENT(AG30) -> 0.069464008 | AJ30: =IMSUM(COMPLEX(1,0),IMDIV(COMPLEX(0,2*PI()*O30),COMPLEX(wz1_dcm,0))) -> 1+0,00129875109493958i | AK30: =IMABS(AJ30) -> 1.0000008 | AL30: =IMARGUMENT(AJ30) -> 0.0012987504 | AM30: =IMSUB(COMPLEX(1,0),IMDIV(COMPLEX(0,2*PI()*O30),COMPLEX(wz2_dcm,0))) -> 1-0,000214339142404969i | AN30: =IMABS(AM30) -> 1 | AO30: =IMARGUMENT(AM30) -> -0.00021433914 | AP30: =(IMDIV(IMPRODUCT(AF30,AJ30,AM30),IMPRODUCT(AG30))) -> 324,502800182994-22,2240196952499i | AQ30: =20*LOG(IMABS(AP30)) -> 50.244691 | AR30: =(180/PI())*IMARGUMENT(AP30) -> -3.9178623 | AS30: =COMPLEX(Adc_ea,0) -> -0,000100699300699301 | AT30: =COMPLEX(0,2*PI()*O30*wp0_ea) -> 0,0000186115670301609i | AU30: =IMABS(AT30) -> 1.8611567e-05 | AV30: =IMARGUMENT(AT30) -> 1.5707963 | AW30: =IMSUM(COMPLEX(1,0),IMDIV(COMPLEX(0,2*PI()*O30),COMPLEX(wp1_ea,0))) -> 1+0,000952878094948255i | AX30: =IMABS(AW30) -> 1.0000005 | AY30: =IMARGUMENT(AW30) -> 0.00095287781 | AZ30: =IMSUM(COMPLEX(1,0),IMDIV(COMPLEX(0,2*PI()*O30),COMPLEX(wz_ea,0))) -> 1+0,0455556825393346i | BA30: =IMABS(AZ30) -> 1.0010371 | BB30: =IMARGUMENT(AZ30) -> 0.045524208 | BC30: =IMPRODUCT(AS30,IMDIV(AZ30,IMPRODUCT(AT30,AW30))) -> -0,241326650859189+5,4108061055126i | BD30: =20*LOG(IMABS(BC30)) -> 14.67387 | BE30: =(180/PI())*IMARGUMENT(BC30) -> 92.553749 | BF30: =IMPRODUCT(AC30,BC30) -> 20,7390600148808+322,418831214669i | BG30: =20*LOG(IMABS(BF30)) -> 50.18634 | BH30: =(180/PI())*IMARGUMENT(BF30) -> 86.319614 | BI30: =IMPRODUCT(AP30,BC30) -> 41,9386874934999+1761,18498072776i | BJ30: =20*LOG(IMABS(BI30)) -> 64.918561 | BK30: =(180/PI())*IMARGUMENT(BI30) -> 88.635887 | BL30: =IF($B$31=0,BJ30,BG30) -> 50.18634 | BM30: =IF($B$31=0,BK30,BH30) -> 86.319614 | BO30: =SUM((BL31<0)*(BL30>0))*O30 -> 0 | BP30: =IF(BO30>0,BM30,0) -> 0
A31: Operating mode | B31: 1 | E31: 0 - DCM operation, 1- CCM opertaion. Always set to CCM right now | N31: 13 | O31: =10^(1+(N31/100)) -> 13.489629 | P31: =COMPLEX(Adc,0) -> 60 | Q31: =IMSUM(COMPLEX(1,0),IMDIV(COMPLEX(0,2*PI()*O31),COMPLEX(wp_lf,0))) -> 1+0,110750241180718i | R31: =IMABS(Q31) -> 1.0061141 | S31: =IMARGUMENT(Q31) -> 0.11030074 | T31: =IMSUM(COMPLEX(1,0),IMDIV(COMPLEX(0,2*PI()*O31),COMPLEX(wz_esr,0))) -> 1+0,00132900289416862i | U31: =IMABS(T31) -> 1.0000009 | V31: =IMARGUMENT(T31) -> 0.0013290021 | W31: =IMSUB(COMPLEX(1,0),IMDIV(COMPLEX(0,2*PI()*O31),COMPLEX(wz_rhp,0))) -> 1-0,00185407769833792i | X31: =IMABS(W31) -> 1.0000017 | Y31: =IMARGUMENT(W31) -> -0.0018540756 | Z31: =IMSUM(COMPLEX(1,0),IMDIV(COMPLEX(0,2*PI()*O31),COMPLEX(Q*(wsl/2),0)),IMDIV(IMPOWER(COMPLEX(0,2*PI()*O31),2),IMPOWER(COMPLEX(wsl/2,0),2))) -> 0,99999999851453+0,000494709011521535i | AA31: =IMABS(Z31) -> 1.0000001 | AB31: =IMARGUMENT(Z31) -> 0.00049470897 | AC31: =(IMDIV(IMPRODUCT(P31,T31,W31),IMPRODUCT(Q31,Z31))) -> 59,2664022520554-6,62495543057024i | AD31: =20*LOG(IMABS(AC31)) -> 35.510102 | AE31: =(180/PI())*IMARGUMENT(AC31) -> -6.378196 | AF31: =COMPLEX($B$68,0) -> 326,048966736478 | AG31: =IMSUM(COMPLEX(1,0),IMDIV(COMPLEX(0,2*PI()*O31),COMPLEX(wp_lf_DCM,0))) -> 1+0,0711965836161761i | AH31: =IMABS(AG31) -> 1.0025313 | AI31: =IMARGUMENT(AG31) -> 0.071076651 | AJ31: =IMSUM(COMPLEX(1,0),IMDIV(COMPLEX(0,2*PI()*O31),COMPLEX(wz1_dcm,0))) -> 1+0,00132900289416862i | AK31: =IMABS(AJ31) -> 1.0000009 | AL31: =IMARGUMENT(AJ31) -> 0.0013290021 | AM31: =IMSUB(COMPLEX(1,0),IMDIV(COMPLEX(0,2*PI()*O31),COMPLEX(wz2_dcm,0))) -> 1-0,00021933174239447i | AN31: =IMABS(AM31) -> 1 | AO31: =IMARGUMENT(AM31) -> -0.00021933174 | AP31: =(IMDIV(IMPRODUCT(AF31,AJ31,AM31),IMPRODUCT(AG31))) -> 324,430299102889-22,7365217852466i | AQ31: =20*LOG(IMABS(AP31)) -> 50.243706 | AR31: =(180/PI())*IMARGUMENT(AP31) -> -4.0088127 | AS31: =COMPLEX(Adc_ea,0) -> -0,000100699300699301 | AT31: =COMPLEX(0,2*PI()*O31*wp0_ea) -> 0,0000190450861173271i | AU31: =IMABS(AT31) -> 1.9045086e-05 | AV31: =IMARGUMENT(AT31) -> 1.5707963 | AW31: =IMSUM(COMPLEX(1,0),IMDIV(COMPLEX(0,2*PI()*O31),COMPLEX(wp1_ea,0))) -> 1+0,00097507347705838i | AX31: =IMABS(AW31) -> 1.0000005 | AY31: =IMARGUMENT(AW31) -> 0.00097507317 | AZ31: =IMSUM(COMPLEX(1,0),IMDIV(COMPLEX(0,2*PI()*O31),COMPLEX(wz_ea,0))) -> 1+0,0466168107010676i | BA31: =IMABS(AZ31) -> 1.001086 | BB31: =IMARGUMENT(AZ31) -> 0.046583087 | BC31: =IMPRODUCT(AS31,IMDIV(AZ31,IMPRODUCT(AT31,AW31))) -> -0,24132664053244+5,28765171242116i | BD31: =20*LOG(IMABS(BC31)) -> 14.474294 | BE31: =(180/PI())*IMARGUMENT(BC31) -> 92.613147 | BF31: =IMPRODUCT(AC31,BC31) -> 20,7278951752358+314,978871594859i | BG31: =20*LOG(IMABS(BF31)) -> 49.984395 | BH31: =(180/PI())*IMARGUMENT(BF31) -> 86.234951 | BI31: =IMPRODUCT(AP31,BC31) -> 41,9291341828253+1720,96135503253i | BJ31: =20*LOG(IMABS(BI31)) -> 64.718 | BK31: =(180/PI())*IMARGUMENT(BI31) -> 88.604334 | BL31: =IF($B$31=0,BJ31,BG31) -> 49.984395 | BM31: =IF($B$31=0,BK31,BH31) -> 86.234951 | BO31: =SUM((BL32<0)*(BL31>0))*O31 -> 0 | BP31: =IF(BO31>0,BM31,0) -> 0
A32: CCM Plan Parameters | N32: 14 | O32: =10^(1+(N32/100)) -> 13.803843 | P32: =COMPLEX(Adc,0) -> 60 | Q32: =IMSUM(COMPLEX(1,0),IMDIV(COMPLEX(0,2*PI()*O32),COMPLEX(wp_lf,0))) -> 1+0,113329945693633i | R32: =IMABS(Q32) -> 1.0064013 | S32: =IMARGUMENT(Q32) -> 0.11284846 | T32: =IMSUM(COMPLEX(1,0),IMDIV(COMPLEX(0,2*PI()*O32),COMPLEX(wz_esr,0))) -> 1+0,0013599593483236i | U32: =IMABS(T32) -> 1.0000009 | V32: =IMARGUMENT(T32) -> 0.0013599585 | W32: =IMSUB(COMPLEX(1,0),IMDIV(COMPLEX(0,2*PI()*O32),COMPLEX(wz_rhp,0))) -> 1-0,00189726471585323i | X32: =IMABS(W32) -> 1.0000018 | Y32: =IMARGUMENT(W32) -> -0.0018972624 | Z32: =IMSUM(COMPLEX(1,0),IMDIV(COMPLEX(0,2*PI()*O32),COMPLEX(Q*(wsl/2),0)),IMDIV(IMPOWER(COMPLEX(0,2*PI()*O32),2),IMPOWER(COMPLEX(wsl/2,0),2))) -> 0,999999998444522+0,000506232264708129i | AA32: =IMABS(Z32) -> 1.0000001 | AB32: =IMARGUMENT(Z32) -> 0.00050623222 | AC32: =(IMDIV(IMPRODUCT(P32,T32,W32),IMPRODUCT(Q32,Z32))) -> 59,2322672736444-6,77540195383698i | AD32: =20*LOG(IMABS(AC32)) -> 35.507623 | AE32: =(180/PI())*IMARGUMENT(AC32) -> -6.5255307 | AF32: =COMPLEX($B$68,0) -> 326,048966736478 | AG32: =IMSUM(COMPLEX(1,0),IMDIV(COMPLEX(0,2*PI()*O32),COMPLEX(wp_lf_DCM,0))) -> 1+0,0728549650887642i | AH32: =IMABS(AG32) -> 1.0026504 | AI32: =IMARGUMENT(AG32) -> 0.072726473 | AJ32: =IMSUM(COMPLEX(1,0),IMDIV(COMPLEX(0,2*PI()*O32),COMPLEX(wz1_dcm,0))) -> 1+0,0013599593483236i | AK32: =IMABS(AJ32) -> 1.0000009 | AL32: =IMARGUMENT(AJ32) -> 0.0013599585 | AM32: =IMSUB(COMPLEX(1,0),IMDIV(COMPLEX(0,2*PI()*O32),COMPLEX(wz2_dcm,0))) -> 1-0,00022444063497699i | AN32: =IMABS(AM32) -> 1 | AO32: =IMARGUMENT(AM32) -> -0.00022444063 | AP32: =(IMDIV(IMPRODUCT(AF32,AJ32,AM32),IMPRODUCT(AG32))) -> 324,354416421125-23,260594981551i | AQ32: =20*LOG(IMABS(AP32)) -> 50.242674 | AR32: =(180/PI())*IMARGUMENT(AP32) -> -4.1018596 | AS32: =COMPLEX(Adc_ea,0) -> -0,000100699300699301 | AT32: =COMPLEX(0,2*PI()*O32*wp0_ea) -> 0,0000194887031612444i | AU32: =IMABS(AT32) -> 1.9488703e-05 | AV32: =IMARGUMENT(AT32) -> 1.5707963 | AW32: =IMSUM(COMPLEX(1,0),IMDIV(COMPLEX(0,2*PI()*O32),COMPLEX(wp1_ea,0))) -> 1+0,000997785856032675i | AX32: =IMABS(AW32) -> 1.0000005 | AY32: =IMARGUMENT(AW32) -> 0.00099778552 | AZ32: =IMSUM(COMPLEX(1,0),IMDIV(COMPLEX(0,2*PI()*O32),COMPLEX(wz_ea,0))) -> 1+0,0477026557128812i | BA32: =IMABS(AZ32) -> 1.0011371 | BB32: =IMARGUMENT(AZ32) -> 0.047666522 | BC32: =IMPRODUCT(AS32,IMDIV(AZ32,IMPRODUCT(AT32,AW32))) -> -0,241326629719007+5,16730090225699i | BD32: =20*LOG(IMABS(BC32)) -> 14.274737 | BE32: =(180/PI())*IMARGUMENT(BC32) -> 92.673922 | BF32: =IMPRODUCT(AC32,BC32) -> 20,7162171974516+307,706033044341i | BG32: =20*LOG(IMABS(BF32)) -> 49.782361 | BH32: =(180/PI())*IMARGUMENT(BF32) -> 86.148391 | BI32: =IMPRODUCT(AP32,BC32) -> 41,9191352858175+1681,65026961608i | BJ32: =20*LOG(IMABS(BI32)) -> 64.517411 | BK32: =(180/PI())*IMARGUMENT(BI32) -> 88.572062 | BL32: =IF($B$31=0,BJ32,BG32) -> 49.782361 | BM32: =IF($B$31=0,BK32,BH32) -> 86.148391 | BO32: =SUM((BL33<0)*(BL32>0))*O32 -> 0 | BP32: =IF(BO32>0,BM32,0) -> 0
N33: 15 | O33: =10^(1+(N33/100)) -> 14.125375 | P33: =COMPLEX(Adc,0) -> 60 | Q33: =IMSUM(COMPLEX(1,0),IMDIV(COMPLEX(0,2*PI()*O33),COMPLEX(wp_lf,0))) -> 1+0,115969739243852i | R33: =IMABS(Q33) -> 1.006702 | S33: =IMARGUMENT(Q33) -> 0.115454 | T33: =IMSUM(COMPLEX(1,0),IMDIV(COMPLEX(0,2*PI()*O33),COMPLEX(wz_esr,0))) -> 1+0,00139163687092623i | U33: =IMABS(T33) -> 1.000001 | V33: =IMARGUMENT(T33) -> 0.001391636 | W33: =IMSUB(COMPLEX(1,0),IMDIV(COMPLEX(0,2*PI()*O33),COMPLEX(wz_rhp,0))) -> 1-0,00194145768823414i | X33: =IMABS(W33) -> 1.0000019 | Y33: =IMARGUMENT(W33) -> -0.0019414552 | Z33: =IMSUM(COMPLEX(1,0),IMDIV(COMPLEX(0,2*PI()*O33),COMPLEX(Q*(wsl/2),0)),IMDIV(IMPOWER(COMPLEX(0,2*PI()*O33),2),IMPOWER(COMPLEX(wsl/2,0),2))) -> 0,999999998371214+0,00051802392894224i | AA33: =IMABS(Z33) -> 1.0000001 | AB33: =IMARGUMENT(Z33) -> 0.00051802388 | AC33: =(IMDIV(IMPRODUCT(P33,T33,W33),IMPRODUCT(Q33,Z33))) -> 59,196565299757-6,9290809936571i | AD33: =20*LOG(IMABS(AC33)) -> 35.50503 | AE33: =(180/PI())*IMARGUMENT(AC33) -> -6.67621 | AF33: =COMPLEX($B$68,0) -> 326,048966736478 | AG33: =IMSUM(COMPLEX(1,0),IMDIV(COMPLEX(0,2*PI()*O33),COMPLEX(wp_lf_DCM,0))) -> 1+0,0745519752281908i | AH33: =IMABS(AG33) -> 1.0027751 | AI33: =IMARGUMENT(AG33) -> 0.074414314 | AJ33: =IMSUM(COMPLEX(1,0),IMDIV(COMPLEX(0,2*PI()*O33),COMPLEX(wz1_dcm,0))) -> 1+0,00139163687092623i | AK33: =IMABS(AJ33) -> 1.000001 | AL33: =IMARGUMENT(AJ33) -> 0.001391636 | AM33: =IMSUB(COMPLEX(1,0),IMDIV(COMPLEX(0,2*PI()*O33),COMPLEX(wz2_dcm,0))) -> 1-0,000229668528954995i | AN33: =IMABS(AM33) -> 1 | AO33: =IMARGUMENT(AM33) -> -0.00022966852 | AP33: =(IMDIV(IMPRODUCT(AF33,AJ33,AM33),IMPRODUCT(AG33))) -> 324,274996142832-23,7964829022819i | AQ33: =20*LOG(IMABS(AP33)) -> 50.241594 | AR33: =(180/PI())*IMARGUMENT(AP33) -> -4.1970503 | AS33: =COMPLEX(Adc_ea,0) -> -0,000100699300699301 | AT33: =COMPLEX(0,2*PI()*O33*wp0_ea) -> 0,000019942653373541i | AU33: =IMABS(AT33) -> 1.9942653e-05 | AV33: =IMARGUMENT(AT33) -> 1.5707963 | AW33: =IMSUM(COMPLEX(1,0),IMDIV(COMPLEX(0,2*PI()*O33),COMPLEX(wp1_ea,0))) -> 1+0,00102102727427508i | AX33: =IMABS(AW33) -> 1.0000005 | AY33: =IMARGUMENT(AW33) -> 0.0010210269 | AZ33: =IMSUM(COMPLEX(1,0),IMDIV(COMPLEX(0,2*PI()*O33),COMPLEX(wz_ea,0))) -> 1+0,0488137933041725i | BA33: =IMABS(AZ33) -> 1.0011907 | BB33: =IMARGUMENT(AZ33) -> 0.048775078 | BC33: =IMPRODUCT(AS33,IMDIV(AZ33,IMPRODUCT(AT33,AW33))) -> -0,241326618395955+5,04968986342755i | BD33: =20*LOG(IMABS(BC33)) -> 14.075202 | BE33: =(180/PI())*IMARGUMENT(BC33) -> 92.736106 | BF33: =IMPRODUCT(AC33,BC33) -> 20,7040031320931+300,596467428701i | BG33: =20*LOG(IMABS(BF33)) -> 49.580231 | BH33: =(180/PI())*IMARGUMENT(BF33) -> 86.059896 | BI33: =IMPRODUCT(AP33,BC33) -> 41,9086702473689+1643,23088573399i | BJ33: =20*LOG(IMABS(BI33)) -> 64.316796 | BK33: =(180/PI())*IMARGUMENT(BI33) -> 88.539055 | BL33: =IF($B$31=0,BJ33,BG33) -> 49.580231 | BM33: =IF($B$31=0,BK33,BH33) -> 86.059896 | BO33: =SUM((BL34<0)*(BL33>0))*O33 -> 0 | BP33: =IF(BO33>0,BM33,0) -> 0
A34: ADC | B34: =(Gcomp*(VOUT/IOUT)*(1-DC_VIN_Var))/(R_cs*Acs*(1+DC_VIN_Var)) -> 60 | C34: V/V | E34: DC gain of the plant function | N34: 16 | O34: =10^(1+(N34/100)) -> 14.454398 | P34: =COMPLEX(Adc,0) -> 60 | Q34: =IMSUM(COMPLEX(1,0),IMDIV(COMPLEX(0,2*PI()*O34),COMPLEX(wp_lf,0))) -> 1+0,118671021484861i | R34: =IMABS(Q34) -> 1.0070168 | S34: =IMARGUMENT(Q34) -> 0.11811861 | T34: =IMSUM(COMPLEX(1,0),IMDIV(COMPLEX(0,2*PI()*O34),COMPLEX(wz_esr,0))) -> 1+0,00142405225781833i | U34: =IMABS(T34) -> 1.000001 | V34: =IMARGUMENT(T34) -> 0.0014240513 | W34: =IMSUB(COMPLEX(1,0),IMDIV(COMPLEX(0,2*PI()*O34),COMPLEX(wz_rhp,0))) -> 1-0,0019866800471796i | X34: =IMABS(W34) -> 1.000002 | Y34: =IMARGUMENT(W34) -> -0.0019866774 | Z34: =IMSUM(COMPLEX(1,0),IMDIV(COMPLEX(0,2*PI()*O34),COMPLEX(Q*(wsl/2),0)),IMDIV(IMPOWER(COMPLEX(0,2*PI()*O34),2),IMPOWER(COMPLEX(wsl/2,0),2))) -> 0,999999998294452+0,000530090256320341i | AA34: =IMABS(Z34) -> 1.0000001 | AB34: =IMARGUMENT(Z34) -> 0.00053009021 | AC34: =(IMDIV(IMPRODUCT(P34,T34,W34),IMPRODUCT(Q34,Z34))) -> 59,1592264248274-7,08604898455429i | AD34: =20*LOG(IMABS(AC34)) -> 35.502316 | AE34: =(180/PI())*IMARGUMENT(AC34) -> -6.8303057 | AF34: =COMPLEX($B$68,0) -> 326,048966736478 | AG34: =IMSUM(COMPLEX(1,0),IMDIV(COMPLEX(0,2*PI()*O34),COMPLEX(wp_lf_DCM,0))) -> 1+0,0762885138116965i | AH34: =IMABS(AG34) -> 1.0029057 | AI34: =IMARGUMENT(AG34) -> 0.07614103 | AJ34: =IMSUM(COMPLEX(1,0),IMDIV(COMPLEX(0,2*PI()*O34),COMPLEX(wz1_dcm,0))) -> 1+0,00142405225781833i | AK34: =IMABS(AJ34) -> 1.000001 | AL34: =IMARGUMENT(AJ34) -> 0.0014240513 | AM34: =IMSUB(COMPLEX(1,0),IMDIV(COMPLEX(0,2*PI()*O34),COMPLEX(wz2_dcm,0))) -> 1-0,000235018196227077i | AN34: =IMABS(AM34) -> 1 | AO34: =IMARGUMENT(AM34) -> -0.00023501819 | AP34: =(IMDIV(IMPRODUCT(AF34,AJ34,AM34),IMPRODUCT(AG34))) -> 324,191875242898-24,3444330249113i | AQ34: =20*LOG(IMABS(AP34)) -> 50.240463 | AR34: =(180/PI())*IMARGUMENT(AP34) -> -4.2944331 | AS34: =COMPLEX(Adc_ea,0) -> -0,000100699300699301 | AT34: =COMPLEX(0,2*PI()*O34*wp0_ea) -> 0,0000204071774446288i | AU34: =IMABS(AT34) -> 2.0407177e-05 | AV34: =IMARGUMENT(AT34) -> 1.5707963 | AW34: =IMSUM(COMPLEX(1,0),IMDIV(COMPLEX(0,2*PI()*O34),COMPLEX(wp1_ea,0))) -> 1+0,00104481005469322i | AX34: =IMABS(AW34) -> 1.0000005 | AY34: =IMARGUMENT(AW34) -> 0.0010448097 | AZ34: =IMSUM(COMPLEX(1,0),IMDIV(COMPLEX(0,2*PI()*O34),COMPLEX(wz_ea,0))) -> 1+0,0499508126148012i | BA34: =IMABS(AZ34) -> 1.0012468 | BB34: =IMARGUMENT(AZ34) -> 0.049909331 | BC34: =IMPRODUCT(AS34,IMDIV(AZ34,IMPRODUCT(AT34,AW34))) -> -0,241326606539263+4,93475623700309i | BD34: =20*LOG(IMABS(BC34)) -> 13.875688 | BE34: =(180/PI())*IMARGUMENT(BC34) -> 92.799731 | BF34: =IMPRODUCT(AC34,BC34) -> 20,6912290636472+293,646413731409i | BG34: =20*LOG(IMABS(BF34)) -> 49.378004 | BH34: =(180/PI())*IMARGUMENT(BF34) -> 85.969425 | BI34: =IMPRODUCT(AP34,BC34) -> 41,8977175860164+1605,68283775064i | BJ34: =20*LOG(IMABS(BI34)) -> 64.116151 | BK34: =(180/PI())*IMARGUMENT(BI34) -> 88.505298 | BL34: =IF($B$31=0,BJ34,BG34) -> 49.378004 | BM34: =IF($B$31=0,BK34,BH34) -> 85.969425 | BO34: =SUM((BL35<0)*(BL34>0))*O34 -> 0 | BP34: =IF(BO34>0,BM34,0) -> 0
A35: wp_lf | B35: =(1+DC_VIN_Var)/(Cout*(VOUT/IOUT)) -> 765.30612 | C35: Rad | E35: Low Frequency Pole | N35: 17 | O35: =10^(1+(N35/100)) -> 14.791084 | P35: =COMPLEX(Adc,0) -> 60 | Q35: =IMSUM(COMPLEX(1,0),IMDIV(COMPLEX(0,2*PI()*O35),COMPLEX(wp_lf,0))) -> 1+0,121435224672257i | R35: =IMABS(Q35) -> 1.0073463 | S35: =IMARGUMENT(Q35) -> 0.12084354 | T35: =IMSUM(COMPLEX(1,0),IMDIV(COMPLEX(0,2*PI()*O35),COMPLEX(wz_esr,0))) -> 1+0,00145722269606709i | U35: =IMABS(T35) -> 1.0000011 | V35: =IMARGUMENT(T35) -> 0.0014572217 | W35: =IMSUB(COMPLEX(1,0),IMDIV(COMPLEX(0,2*PI()*O35),COMPLEX(wz_rhp,0))) -> 1-0,00203295577018288i | X35: =IMABS(W35) -> 1.0000021 | Y35: =IMARGUMENT(W35) -> -0.002032953 | Z35: =IMSUM(COMPLEX(1,0),IMDIV(COMPLEX(0,2*PI()*O35),COMPLEX(Q*(wsl/2),0)),IMDIV(IMPOWER(COMPLEX(0,2*PI()*O35),2),IMPOWER(COMPLEX(wsl/2,0),2))) -> 0,999999998214072+0,000542437644568913i | AA35: =IMABS(Z35) -> 1.0000001 | AB35: =IMARGUMENT(Z35) -> 0.00054243759 | AC35: =(IMDIV(IMPRODUCT(P35,T35,W35),IMPRODUCT(Q35,Z35))) -> 59,120177817396-7,246362395895i | AD35: =20*LOG(IMABS(AC35)) -> 35.499475 | AE35: =(180/PI())*IMARGUMENT(AC35) -> -6.9878909 | AF35: =COMPLEX($B$68,0) -> 326,048966736478 | AG35: =IMSUM(COMPLEX(1,0),IMDIV(COMPLEX(0,2*PI()*O35),COMPLEX(wp_lf_DCM,0))) -> 1+0,0780655015750225i | AH35: =IMABS(AG35) -> 1.0030425 | AI35: =IMARGUMENT(AG35) -> 0.077907496 | AJ35: =IMSUM(COMPLEX(1,0),IMDIV(COMPLEX(0,2*PI()*O35),COMPLEX(wz1_dcm,0))) -> 1+0,00145722269606709i | AK35: =IMABS(AJ35) -> 1.0000011 | AL35: =IMARGUMENT(AJ35) -> 0.0014572217 | AM35: =IMSUB(COMPLEX(1,0),IMDIV(COMPLEX(0,2*PI()*O35),COMPLEX(wz2_dcm,0))) -> 1-0,000240492473257631i | AN35: =IMABS(AM35) -> 1 | AO35: =IMARGUMENT(AM35) -> -0.00024049247 | AP35: =(IMDIV(IMPRODUCT(AF35,AJ35,AM35),IMPRODUCT(AG35))) -> 324,104883365071-24,9046966508643i | AQ35: =20*LOG(IMABS(AP35)) -> 50.239279 | AR35: =(180/PI())*IMARGUMENT(AP35) -> -4.3940573 | AS35: =COMPLEX(Adc_ea,0) -> -0,000100699300699301 | AT35: =COMPLEX(0,2*PI()*O35*wp0_ea) -> 0,0000208825216713185i | AU35: =IMABS(AT35) -> 2.0882522e-05 | AV35: =IMARGUMENT(AT35) -> 1.5707963 | AW35: =IMSUM(COMPLEX(1,0),IMDIV(COMPLEX(0,2*PI()*O35),COMPLEX(wp1_ea,0))) -> 1+0,00106914680723204i | AX35: =IMABS(AW35) -> 1.0000006 | AY35: =IMARGUMENT(AW35) -> 0.0010691464 | AZ35: =IMSUM(COMPLEX(1,0),IMDIV(COMPLEX(0,2*PI()*O35),COMPLEX(wz_ea,0))) -> 1+0,0511143165074551i | BA35: =IMABS(AZ35) -> 1.0013055 | BB35: =IMARGUMENT(AZ35) -> 0.051069871 | BC35: =IMPRODUCT(AS35,IMDIV(AZ35,IMPRODUCT(AT35,AW35))) -> -0,241326594123785+4,82243908365358i | BD35: =20*LOG(IMABS(BC35)) -> 13.676197 | BE35: =(180/PI())*IMARGUMENT(BC35) -> 92.864831 | BF35: =IMPRODUCT(AC35,BC35) -> 20,6778700756169+286,852196095948i | BG35: =20*LOG(IMABS(BF35)) -> 49.175672 | BH35: =(180/PI())*IMARGUMENT(BF35) -> 85.87694 | BI35: =IMPRODUCT(AP35,BC35) -> 41,8862548542853+1568,98622236314i | BJ35: =20*LOG(IMABS(BI35)) -> 63.915477 | BK35: =(180/PI())*IMARGUMENT(BI35) -> 88.470773 | BL35: =IF($B$31=0,BJ35,BG35) -> 49.175672 | BM35: =IF($B$31=0,BK35,BH35) -> 85.87694 | BO35: =SUM((BL36<0)*(BL35>0))*O35 -> 0 | BP35: =IF(BO35>0,BM35,0) -> 0
B36: =wp_lf/(2*PI()) -> 121.80225 | C36: Hz | N36: 18 | O36: =10^(1+(N36/100)) -> 15.135612 | P36: =COMPLEX(Adc,0) -> 60 | Q36: =IMSUM(COMPLEX(1,0),IMDIV(COMPLEX(0,2*PI()*O36),COMPLEX(wp_lf,0))) -> 1+0,12426381442316i | R36: =IMABS(Q36) -> 1.0076912 | S36: =IMARGUMENT(Q36) -> 0.12363007 | T36: =IMSUM(COMPLEX(1,0),IMDIV(COMPLEX(0,2*PI()*O36),COMPLEX(wz_esr,0))) -> 1+0,00149116577307792i | U36: =IMABS(T36) -> 1.0000011 | V36: =IMARGUMENT(T36) -> 0.0014911647 | W36: =IMSUB(COMPLEX(1,0),IMDIV(COMPLEX(0,2*PI()*O36),COMPLEX(wz_rhp,0))) -> 1-0,00208030939324486i | X36: =IMABS(W36) -> 1.0000022 | Y36: =IMARGUMENT(W36) -> -0.0020803064 | Z36: =IMSUM(COMPLEX(1,0),IMDIV(COMPLEX(0,2*PI()*O36),COMPLEX(Q*(wsl/2),0)),IMDIV(IMPOWER(COMPLEX(0,2*PI()*O36),2),IMPOWER(COMPLEX(wsl/2,0),2))) -> 0,999999998129904+0,000555072640436647i | AA36: =IMABS(Z36) -> 1.0000002 | AB36: =IMARGUMENT(Z36) -> 0.00055507258 | AC36: =(IMDIV(IMPRODUCT(P36,T36,W36),IMPRODUCT(Q36,Z36))) -> 59,0793436160635-7,41007764933608i | AD36: =20*LOG(IMABS(AC36)) -> 35.496503 | AE36: =(180/PI())*IMARGUMENT(AC36) -> -7.1490398 | AF36: =COMPLEX($B$68,0) -> 326,048966736478 | AG36: =IMSUM(COMPLEX(1,0),IMDIV(COMPLEX(0,2*PI()*O36),COMPLEX(wp_lf_DCM,0))) -> 1+0,0798838807006027i | AH36: =IMABS(AG36) -> 1.0031856 | AI36: =IMARGUMENT(AG36) -> 0.079714604 | AJ36: =IMSUM(COMPLEX(1,0),IMDIV(COMPLEX(0,2*PI()*O36),COMPLEX(wz1_dcm,0))) -> 1+0,00149116577307792i | AK36: =IMABS(AJ36) -> 1.0000011 | AL36: =IMARGUMENT(AJ36) -> 0.0014911647 | AM36: =IMSUB(COMPLEX(1,0),IMDIV(COMPLEX(0,2*PI()*O36),COMPLEX(wz2_dcm,0))) -> 1-0,0002460942625808i | AN36: =IMABS(AM36) -> 1 | AO36: =IMARGUMENT(AM36) -> -0.00024609426 | AP36: =(IMDIV(IMPRODUCT(AF36,AJ36,AM36),IMPRODUCT(AG36))) -> 324,013842509731-25,4775288608806i | AQ36: =20*LOG(IMABS(AP36)) -> 50.23804 | AR36: =(180/PI())*IMARGUMENT(AP36) -> -4.4959731 | AS36: =COMPLEX(Adc_ea,0) -> -0,000100699300699301 | AT36: =COMPLEX(0,2*PI()*O36*wp0_ea) -> 0,0000213689380874112i | AU36: =IMABS(AT36) -> 2.1368938e-05 | AV36: =IMARGUMENT(AT36) -> 1.5707963 | AW36: =IMSUM(COMPLEX(1,0),IMDIV(COMPLEX(0,2*PI()*O36),COMPLEX(wp1_ea,0))) -> 1+0,00109405043555989i | AX36: =IMABS(AW36) -> 1.0000006 | AY36: =IMARGUMENT(AW36) -> 0.00109405 | AZ36: =IMSUM(COMPLEX(1,0),IMDIV(COMPLEX(0,2*PI()*O36),COMPLEX(wz_ea,0))) -> 1+0,0523049218872993i | BA36: =IMABS(AZ36) -> 1.001367 | BB36: =IMARGUMENT(AZ36) -> 0.052257301 | BC36: =IMPRODUCT(AS36,IMDIV(AZ36,IMPRODUCT(AT36,AW36))) -> -0,241326581123184+4,7126788513375i | BD36: =20*LOG(IMABS(BC36)) -> 13.47673 | BE36: =(180/PI())*IMARGUMENT(BC36) -> 92.931438 | BF36: =IMPRODUCT(AC36,BC36) -> 20,6639002149284+280,210221915295i | BG36: =20*LOG(IMABS(BF36)) -> 48.973233 | BH36: =(180/PI())*IMARGUMENT(BF36) -> 85.782399 | BI36: =IMPRODUCT(AP36,BC36) -> 41,8742585975536+1533,12158807167i | BJ36: =20*LOG(IMABS(BI36)) -> 63.714771 | BK36: =(180/PI())*IMARGUMENT(BI36) -> 88.435465 | BL36: =IF($B$31=0,BJ36,BG36) -> 48.973233 | BM36: =IF($B$31=0,BK36,BH36) -> 85.782399 | BO36: =SUM((BL37<0)*(BL36>0))*O36 -> 0 | BP36: =IF(BO36>0,BM36,0) -> 0
C37: dB | E37: Gain of open loop at wp_Lf | N37: 19 | O37: =10^(1+(N37/100)) -> 15.488166 | P37: =COMPLEX(Adc,0) -> 60 | Q37: =IMSUM(COMPLEX(1,0),IMDIV(COMPLEX(0,2*PI()*O37),COMPLEX(wp_lf,0))) -> 1+0,127158290493295i | R37: =IMABS(Q37) -> 1.0080522 | S37: =IMARGUMENT(Q37) -> 0.12647951 | T37: =IMSUM(COMPLEX(1,0),IMDIV(COMPLEX(0,2*PI()*O37),COMPLEX(wz_esr,0))) -> 1+0,00152589948591954i | U37: =IMABS(T37) -> 1.0000012 | V37: =IMARGUMENT(T37) -> 0.0015258983 | W37: =IMSUB(COMPLEX(1,0),IMDIV(COMPLEX(0,2*PI()*O37),COMPLEX(wz_rhp,0))) -> 1-0,00212876602388329i | X37: =IMABS(W37) -> 1.0000023 | Y37: =IMARGUMENT(W37) -> -0.0021287628 | Z37: =IMSUM(COMPLEX(1,0),IMDIV(COMPLEX(0,2*PI()*O37),COMPLEX(Q*(wsl/2),0)),IMDIV(IMPOWER(COMPLEX(0,2*PI()*O37),2),IMPOWER(COMPLEX(wsl/2,0),2))) -> 0,999999998041769+0,000568001943165595i | AA37: =IMABS(Z37) -> 1.0000002 | AB37: =IMARGUMENT(Z37) -> 0.00056800188 | AC37: =(IMDIV(IMPRODUCT(P37,T37,W37),IMPRODUCT(Q37,Z37))) -> 59,0366448235601-7,57725102933245i | AD37: =20*LOG(IMABS(AC37)) -> 35.493393 | AE37: =(180/PI())*IMARGUMENT(AC37) -> -7.313828 | AF37: =COMPLEX($B$68,0) -> 326,048966736478 | AG37: =IMSUM(COMPLEX(1,0),IMDIV(COMPLEX(0,2*PI()*O37),COMPLEX(wp_lf_DCM,0))) -> 1+0,0817446153171183i | AH37: =IMABS(AG37) -> 1.0033355 | AI37: =IMARGUMENT(AG37) -> 0.081563264 | AJ37: =IMSUM(COMPLEX(1,0),IMDIV(COMPLEX(0,2*PI()*O37),COMPLEX(wz1_dcm,0))) -> 1+0,00152589948591954i | AK37: =IMABS(AJ37) -> 1.0000012 | AL37: =IMARGUMENT(AJ37) -> 0.0015258983 | AM37: =IMSUB(COMPLEX(1,0),IMDIV(COMPLEX(0,2*PI()*O37),COMPLEX(wz2_dcm,0))) -> 1-0,000251826534339432i | AN37: =IMABS(AM37) -> 1 | AO37: =IMARGUMENT(AM37) -> -0.00025182653 | AP37: =(IMDIV(IMPRODUCT(AF37,AJ37,AM37),IMPRODUCT(AG37))) -> 323,918566710068-26,0631884603772i | AQ37: =20*LOG(IMABS(AP37)) -> 50.236743 | AR37: =(180/PI())*IMARGUMENT(AP37) -> -4.6002319 | AS37: =COMPLEX(Adc_ea,0) -> -0,000100699300699301 | AT37: =COMPLEX(0,2*PI()*O37*wp0_ea) -> 0,0000218666845973291i | AU37: =IMABS(AT37) -> 2.1866685e-05 | AV37: =IMARGUMENT(AT37) -> 1.5707963 | AW37: =IMSUM(COMPLEX(1,0),IMDIV(COMPLEX(0,2*PI()*O37),COMPLEX(wp1_ea,0))) -> 1+0,00111953414391014i | AX37: =IMABS(AW37) -> 1.0000006 | AY37: =IMARGUMENT(AW37) -> 0.0011195337 | AZ37: =IMSUM(COMPLEX(1,0),IMDIV(COMPLEX(0,2*PI()*O37),COMPLEX(wz_ea,0))) -> 1+0,0535232600290655i | BA37: =IMABS(AZ37) -> 1.0014313 | BB37: =IMARGUMENT(AZ37) -> 0.053472238 | BC37: =IMPRODUCT(AS37,IMDIV(AZ37,IMPRODUCT(AT37,AW37))) -> -0,241326567509887+4,60541734372674i | BD37: =20*LOG(IMABS(BC37)) -> 13.277288 | BE37: =(180/PI())*IMARGUMENT(BC37) -> 92.999589 | BF37: =IMPRODUCT(AC37,BC37) -> 20,6492924556889+273,716979967929i | BG37: =20*LOG(IMABS(BF37)) -> 48.770681 | BH37: =(180/PI())*IMARGUMENT(BF37) -> 85.685761 | BI37: =IMPRODUCT(AP37,BC37) -> 41,8617043113767+1498,06992489116i | BJ37: =20*LOG(IMABS(BI37)) -> 63.514032 | BK37: =(180/PI())*IMARGUMENT(BI37) -> 88.399357 | BL37: =IF($B$31=0,BJ37,BG37) -> 48.770681 | BM37: =IF($B$31=0,BK37,BH37) -> 85.685761 | BO37: =SUM((BL38<0)*(BL37>0))*O37 -> 0 | BP37: =IF(BO37>0,BM37,0) -> 0
A38: wz_rhp | B38: =((VOUT/IOUT)*((1-DC_VIN_Var)^2))/(Lm*DC_VIN_Var) -> 45714.286 | C38: Rad | E38: RHPz zero of boost converter | N38: 20 | O38: =10^(1+(N38/100)) -> 15.848932 | P38: =COMPLEX(Adc,0) -> 60 | Q38: =IMSUM(COMPLEX(1,0),IMDIV(COMPLEX(0,2*PI()*O38),COMPLEX(wp_lf,0))) -> 1+0,130120187572189i | R38: =IMABS(Q38) -> 1.0084301 | S38: =IMARGUMENT(Q38) -> 0.12939319 | T38: =IMSUM(COMPLEX(1,0),IMDIV(COMPLEX(0,2*PI()*O38),COMPLEX(wz_esr,0))) -> 1+0,00156144225086627i | U38: =IMABS(T38) -> 1.0000012 | V38: =IMARGUMENT(T38) -> 0.001561441 | W38: =IMSUB(COMPLEX(1,0),IMDIV(COMPLEX(0,2*PI()*O38),COMPLEX(wz_rhp,0))) -> 1-0,00217835135444513i | X38: =IMABS(W38) -> 1.0000024 | Y38: =IMARGUMENT(W38) -> -0.0021783479 | Z38: =IMSUM(COMPLEX(1,0),IMDIV(COMPLEX(0,2*PI()*O38),COMPLEX(Q*(wsl/2),0)),IMDIV(IMPOWER(COMPLEX(0,2*PI()*O38),2),IMPOWER(COMPLEX(wsl/2,0),2))) -> 0,99999999794948+0,000581232408043203i | AA38: =IMABS(Z38) -> 1.0000002 | AB38: =IMARGUMENT(Z38) -> 0.00058123234 | AC38: =(IMDIV(IMPRODUCT(P38,T38,W38),IMPRODUCT(Q38,Z38))) -> 58,9919991991001-7,74793858629455i | AD38: =20*LOG(IMABS(AC38)) -> 35.490139 | AE38: =(180/PI())*IMARGUMENT(AC38) -> -7.4823321 | AF38: =COMPLEX($B$68,0) -> 326,048966736478 | AG38: =IMSUM(COMPLEX(1,0),IMDIV(COMPLEX(0,2*PI()*O38),COMPLEX(wp_lf_DCM,0))) -> 1+0,083648692010693i | AH38: =IMABS(AG38) -> 1.0034925 | AI38: =IMARGUMENT(AG38) -> 0.083454407 | AJ38: =IMSUM(COMPLEX(1,0),IMDIV(COMPLEX(0,2*PI()*O38),COMPLEX(wz1_dcm,0))) -> 1+0,00156144225086627i | AK38: =IMABS(AJ38) -> 1.0000012 | AL38: =IMARGUMENT(AJ38) -> 0.001561441 | AM38: =IMSUB(COMPLEX(1,0),IMDIV(COMPLEX(0,2*PI()*O38),COMPLEX(wz2_dcm,0))) -> 1-0,000257692327859889i | AN38: =IMABS(AM38) -> 1 | AO38: =IMARGUMENT(AM38) -> -0.00025769232 | AP38: =(IMDIV(IMPRODUCT(AF38,AJ38,AM38),IMPRODUCT(AG38))) -> 323,818861696373-26,6619379140141i | AQ38: =20*LOG(IMABS(AP38)) -> 50.235385 | AR38: =(180/PI())*IMARGUMENT(AP38) -> -4.706886 | AS38: =COMPLEX(Adc_ea,0) -> -0,000100699300699301 | AT38: =COMPLEX(0,2*PI()*O38*wp0_ea) -> 0,0000223760251128604i | AU38: =IMABS(AT38) -> 2.2376025e-05 | AV38: =IMARGUMENT(AT38) -> 1.5707963 | AW38: =IMSUM(COMPLEX(1,0),IMDIV(COMPLEX(0,2*PI()*O38),COMPLEX(wp1_ea,0))) -> 1+0,00114561144408228i | AX38: =IMABS(AW38) -> 1.0000007 | AY38: =IMARGUMENT(AW38) -> 0.0011456109 | AZ38: =IMSUM(COMPLEX(1,0),IMDIV(COMPLEX(0,2*PI()*O38),COMPLEX(wz_ea,0))) -> 1+0,0547699769117632i | BA38: =IMABS(AZ38) -> 1.0014988 | BB38: =IMARGUMENT(AZ38) -> 0.05471531 | BC38: =IMPRODUCT(AS38,IMDIV(AZ38,IMPRODUCT(AT38,AW38))) -> -0,241326553255014+4,50059768935009i | BD38: =20*LOG(IMABS(BC38)) -> 13.077873 | BE38: =(180/PI())*IMARGUMENT(BC38) -> 93.069318 | BF38: =IMPRODUCT(AC38,BC38) -> 20,6340186623623+267,369038599474i | BG38: =20*LOG(IMABS(BF38)) -> 48.568012 | BH38: =(180/PI())*IMARGUMENT(BF38) -> 85.586986 | BI38: =IMPRODUCT(AP38,BC38) -> 41,8485663972596+1463,81265429856i | BJ38: =20*LOG(IMABS(BI38)) -> 63.313258 | BK38: =(180/PI())*IMARGUMENT(BI38) -> 88.362432 | BL38: =IF($B$31=0,BJ38,BG38) -> 48.568012 | BM38: =IF($B$31=0,BK38,BH38) -> 85.586986 | BO38: =SUM((BL39<0)*(BL38>0))*O38 -> 0 | BP38: =IF(BO38>0,BM38,0) -> 0
B39: =wz_rhp/2*PI() -> 71807.832 | C39: Hz | N39: 21 | O39: =10^(1+(N39/100)) -> 16.218101 | P39: =COMPLEX(Adc,0) -> 60 | Q39: =IMSUM(COMPLEX(1,0),IMDIV(COMPLEX(0,2*PI()*O39),COMPLEX(wp_lf,0))) -> 1+0,133151076096878i | R39: =IMABS(Q39) -> 1.0088257 | S39: =IMARGUMENT(Q39) -> 0.13237245 | T39: =IMSUM(COMPLEX(1,0),IMDIV(COMPLEX(0,2*PI()*O39),COMPLEX(wz_esr,0))) -> 1+0,00159781291316254i | U39: =IMABS(T39) -> 1.0000013 | V39: =IMARGUMENT(T39) -> 0.0015978116 | W39: =IMSUB(COMPLEX(1,0),IMDIV(COMPLEX(0,2*PI()*O39),COMPLEX(wz_rhp,0))) -> 1-0,00222909167572899i | X39: =IMABS(W39) -> 1.0000025 | Y39: =IMARGUMENT(W39) -> -0.002229088 | Z39: =IMSUM(COMPLEX(1,0),IMDIV(COMPLEX(0,2*PI()*O39),COMPLEX(Q*(wsl/2),0)),IMDIV(IMPOWER(COMPLEX(0,2*PI()*O39),2),IMPOWER(COMPLEX(wsl/2,0),2))) -> 0,999999997852842+0,000594771050037078i | AA39: =IMABS(Z39) -> 1.0000002 | AB39: =IMARGUMENT(Z39) -> 0.00059477098 | AC39: =(IMDIV(IMPRODUCT(P39,T39,W39),IMPRODUCT(Q39,Z39))) -> 58,9453211492148-7,92219603196444i | AD39: =20*LOG(IMABS(AC39)) -> 35.486734 | AE39: =(180/PI())*IMARGUMENT(AC39) -> -7.6546303 | AF39: =COMPLEX($B$68,0) -> 326,048966736478 | AG39: =IMSUM(COMPLEX(1,0),IMDIV(COMPLEX(0,2*PI()*O39),COMPLEX(wp_lf_DCM,0))) -> 1+0,0855971203479933i | AH39: =IMABS(AG39) -> 1.0036567 | AI39: =IMARGUMENT(AG39) -> 0.085388982 | AJ39: =IMSUM(COMPLEX(1,0),IMDIV(COMPLEX(0,2*PI()*O39),COMPLEX(wz1_dcm,0))) -> 1+0,00159781291316254i | AK39: =IMABS(AJ39) -> 1.0000013 | AL39: =IMARGUMENT(AJ39) -> 0.0015978116 | AM39: =IMSUB(COMPLEX(1,0),IMDIV(COMPLEX(0,2*PI()*O39),COMPLEX(wz2_dcm,0))) -> 1-0,000263694753263539i | AN39: =IMABS(AM39) -> 1 | AO39: =IMARGUMENT(AM39) -> -0.00026369475 | AP39: =(IMDIV(IMPRODUCT(AF39,AJ39,AM39),IMPRODUCT(AG39))) -> 323,714524548241-27,2740432686098i | AQ39: =20*LOG(IMABS(AP39)) -> 50.233964 | AR39: =(180/PI())*IMARGUMENT(AP39) -> -4.815989 | AS39: =COMPLEX(Adc_ea,0) -> -0,000100699300699301 | AT39: =COMPLEX(0,2*PI()*O39*wp0_ea) -> 0,0000228972296930883i | AU39: =IMABS(AT39) -> 2.289723e-05 | AV39: =IMARGUMENT(AT39) -> 1.5707963 | AW39: =IMSUM(COMPLEX(1,0),IMDIV(COMPLEX(0,2*PI()*O39),COMPLEX(wp1_ea,0))) -> 1+0,00117229616260603i | AX39: =IMABS(AW39) -> 1.0000007 | AY39: =IMARGUMENT(AW39) -> 0.0011722956 | AZ39: =IMSUM(COMPLEX(1,0),IMDIV(COMPLEX(0,2*PI()*O39),COMPLEX(wz_ea,0))) -> 1+0,056045733561186i | BA39: =IMABS(AZ39) -> 1.0015693 | BB39: =IMARGUMENT(AZ39) -> 0.055987162 | BC39: =IMPRODUCT(AS39,IMDIV(AZ39,IMPRODUCT(AT39,AW39))) -> -0,241326538328332+4,39816431143922i | BD39: =20*LOG(IMABS(BC39)) -> 12.878485 | BE39: =(180/PI())*IMARGUMENT(BC39) -> 93.14066 | BF39: =IMPRODUCT(AC39,BC39) -> 20,6180495524196+261,163043949152i | BG39: =20*LOG(IMABS(BF39)) -> 48.365218 | BH39: =(180/PI())*IMARGUMENT(BF39) -> 85.48603 | BI39: =IMPRODUCT(AP39,BC39) -> 41,8348181168199+1430,33161941082i | BJ39: =20*LOG(IMABS(BI39)) -> 63.112448 | BK39: =(180/PI())*IMARGUMENT(BI39) -> 88.324671 | BL39: =IF($B$31=0,BJ39,BG39) -> 48.365218 | BM39: =IF($B$31=0,BK39,BH39) -> 85.48603 | BO39: =SUM((BL40<0)*(BL39>0))*O39 -> 0 | BP39: =IF(BO39>0,BM39,0) -> 0
N40: 22 | O40: =10^(1+(N40/100)) -> 16.595869 | P40: =COMPLEX(Adc,0) -> 60 | Q40: =IMSUM(COMPLEX(1,0),IMDIV(COMPLEX(0,2*PI()*O40),COMPLEX(wp_lf,0))) -> 1+0,136252563084577i | R40: =IMABS(Q40) -> 1.0092397 | S40: =IMARGUMENT(Q40) -> 0.13541867 | T40: =IMSUM(COMPLEX(1,0),IMDIV(COMPLEX(0,2*PI()*O40),COMPLEX(wz_esr,0))) -> 1+0,00163503075701493i | U40: =IMABS(T40) -> 1.0000013 | V40: =IMARGUMENT(T40) -> 0.0016350293 | W40: =IMSUB(COMPLEX(1,0),IMDIV(COMPLEX(0,2*PI()*O40),COMPLEX(wz_rhp,0))) -> 1-0,00228101389092485i | X40: =IMABS(W40) -> 1.0000026 | Y40: =IMARGUMENT(W40) -> -0.0022810099 | Z40: =IMSUM(COMPLEX(1,0),IMDIV(COMPLEX(0,2*PI()*O40),COMPLEX(Q*(wsl/2),0)),IMDIV(IMPOWER(COMPLEX(0,2*PI()*O40),2),IMPOWER(COMPLEX(wsl/2,0),2))) -> 0,99999999775165+0,000608625047514409i | AA40: =IMABS(Z40) -> 1.0000002 | AB40: =IMARGUMENT(Z40) -> 0.00060862497 | AC40: =(IMDIV(IMPRODUCT(P40,T40,W40),IMPRODUCT(Q40,Z40))) -> 58,8965216172931-8,10007862656794i | AD40: =20*LOG(IMABS(AC40)) -> 35.483171 | AE40: =(180/PI())*IMARGUMENT(AC40) -> -7.8308017 | AF40: =COMPLEX($B$68,0) -> 326,048966736478 | AG40: =IMSUM(COMPLEX(1,0),IMDIV(COMPLEX(0,2*PI()*O40),COMPLEX(wp_lf_DCM,0))) -> 1+0,0875909334115142i | AH40: =IMABS(AG40) -> 1.0038288 | AI40: =IMARGUMENT(AG40) -> 0.087367955 | AJ40: =IMSUM(COMPLEX(1,0),IMDIV(COMPLEX(0,2*PI()*O40),COMPLEX(wz1_dcm,0))) -> 1+0,00163503075701493i | AK40: =IMABS(AJ40) -> 1.0000013 | AL40: =IMARGUMENT(AJ40) -> 0.0016350293 | AM40: =IMSUB(COMPLEX(1,0),IMDIV(COMPLEX(0,2*PI()*O40),COMPLEX(wz2_dcm,0))) -> 1-0,000269836993115783i | AN40: =IMABS(AM40) -> 1 | AO40: =IMARGUMENT(AM40) -> -0.00026983699 | AP40: =(IMDIV(IMPRODUCT(AF40,AJ40,AM40),IMPRODUCT(AG40))) -> 323,605343334411-27,8997740635001i | AQ40: =20*LOG(IMABS(AP40)) -> 50.232476 | AR40: =(180/PI())*IMARGUMENT(AP40) -> -4.9275953 | AS40: =COMPLEX(Adc_ea,0) -> -0,000100699300699301 | AT40: =COMPLEX(0,2*PI()*O40*wp0_ea) -> 0,00002343057468758i | AU40: =IMABS(AT40) -> 2.3430575e-05 | AV40: =IMARGUMENT(AT40) -> 1.5707963 | AW40: =IMSUM(COMPLEX(1,0),IMDIV(COMPLEX(0,2*PI()*O40),COMPLEX(wp1_ea,0))) -> 1+0,00119960244807237i | AX40: =IMABS(AW40) -> 1.0000007 | AY40: =IMARGUMENT(AW40) -> 0.0011996019 | AZ40: =IMSUM(COMPLEX(1,0),IMDIV(COMPLEX(0,2*PI()*O40),COMPLEX(wz_ea,0))) -> 1+0,0573512064003961i | BA40: =IMABS(AZ40) -> 1.0016432 | BB40: =IMARGUMENT(AZ40) -> 0.057288451 | BC40: =IMPRODUCT(AS40,IMDIV(AZ40,IMPRODUCT(AT40,AW40))) -> -0,241326522698181+4,29806289846124i | BD40: =20*LOG(IMABS(BC40)) -> 12.679125 | BE40: =(180/PI())*IMARGUMENT(BC40) -> 93.213654 | BF40: =IMPRODUCT(AC40,BC40) -> 20,601354658551+255,095718220239i | BG40: =20*LOG(IMABS(BF40)) -> 48.162296 | BH40: =(180/PI())*IMARGUMENT(BF40) -> 85.382853 | BI40: =IMPRODUCT(AP40,BC40) -> 41,8204315443366+1397,60907538825i | BJ40: =20*LOG(IMABS(BI40)) -> 62.911601 | BK40: =(180/PI())*IMARGUMENT(BI40) -> 88.286059 | BL40: =IF($B$31=0,BJ40,BG40) -> 48.162296 | BM40: =IF($B$31=0,BK40,BH40) -> 85.382853 | BO40: =SUM((BL41<0)*(BL40>0))*O40 -> 0 | BP40: =IF(BO40>0,BM40,0) -> 0
A41: wz_esr | B41: =1/(Cout*Resr) -> 63775.51 | C41: Rad | E41: ESR zero cause by output capacitance | N41: 23 | O41: =10^(1+(N41/100)) -> 16.982437 | P41: =COMPLEX(Adc,0) -> 60 | Q41: =IMSUM(COMPLEX(1,0),IMDIV(COMPLEX(0,2*PI()*O41),COMPLEX(wp_lf,0))) -> 1+0,139426292984739i | R41: =IMABS(Q41) -> 1.0096731 | S41: =IMARGUMENT(Q41) -> 0.13853322 | T41: =IMSUM(COMPLEX(1,0),IMDIV(COMPLEX(0,2*PI()*O41),COMPLEX(wz_esr,0))) -> 1+0,00167311551581687i | U41: =IMABS(T41) -> 1.0000014 | V41: =IMARGUMENT(T41) -> 0.001673114 | W41: =IMSUB(COMPLEX(1,0),IMDIV(COMPLEX(0,2*PI()*O41),COMPLEX(wz_rhp,0))) -> 1-0,00233414552987844i | X41: =IMABS(W41) -> 1.0000027 | Y41: =IMARGUMENT(W41) -> -0.0023341413 | Z41: =IMSUM(COMPLEX(1,0),IMDIV(COMPLEX(0,2*PI()*O41),COMPLEX(Q*(wsl/2),0)),IMDIV(IMPOWER(COMPLEX(0,2*PI()*O41),2),IMPOWER(COMPLEX(wsl/2,0),2))) -> 0,999999997645689+0,000622801746048034i | AA41: =IMABS(Z41) -> 1.0000002 | AB41: =IMARGUMENT(Z41) -> 0.00062280167 | AC41: =(IMDIV(IMPRODUCT(P41,T41,W41),IMPRODUCT(Q41,Z41))) -> 58,8455079720859-8,28164105728266i | AD41: =20*LOG(IMABS(AC41)) -> 35.479444 | AE41: =(180/PI())*IMARGUMENT(AC41) -> -8.0109267 | AF41: =COMPLEX($B$68,0) -> 326,048966736478 | AG41: =IMSUM(COMPLEX(1,0),IMDIV(COMPLEX(0,2*PI()*O41),COMPLEX(wp_lf_DCM,0))) -> 1+0,0896311883473323i | AH41: =IMABS(AG41) -> 1.0040088 | AI41: =IMARGUMENT(AG41) -> 0.089392314 | AJ41: =IMSUM(COMPLEX(1,0),IMDIV(COMPLEX(0,2*PI()*O41),COMPLEX(wz1_dcm,0))) -> 1+0,00167311551581687i | AK41: =IMABS(AJ41) -> 1.0000014 | AL41: =IMARGUMENT(AJ41) -> 0.001673114 | AM41: =IMSUB(COMPLEX(1,0),IMDIV(COMPLEX(0,2*PI()*O41),COMPLEX(wz2_dcm,0))) -> 1-0,00027612230411349i | AN41: =IMABS(AM41) -> 1 | AO41: =IMARGUMENT(AM41) -> -0.0002761223 | AP41: =(IMDIV(IMPRODUCT(AF41,AJ41,AM41),IMPRODUCT(AG41))) -> 323,491096740057-28,5394032273794i | AQ41: =20*LOG(IMABS(AP41)) -> 50.230918 | AR41: =(180/PI())*IMARGUMENT(AP41) -> -5.0417606 | AS41: =COMPLEX(Adc_ea,0) -> -0,000100699300699301 | AT41: =COMPLEX(0,2*PI()*O41*wp0_ea) -> 0,0000239763428829114i | AU41: =IMABS(AT41) -> 2.3976343e-05 | AV41: =IMARGUMENT(AT41) -> 1.5707963 | AW41: =IMSUM(COMPLEX(1,0),IMDIV(COMPLEX(0,2*PI()*O41),COMPLEX(wp1_ea,0))) -> 1+0,00122754477863529i | AX41: =IMABS(AW41) -> 1.0000008 | AY41: =IMARGUMENT(AW41) -> 0.0012275442 | AZ41: =IMSUM(COMPLEX(1,0),IMDIV(COMPLEX(0,2*PI()*O41),COMPLEX(wz_ea,0))) -> 1+0,0586870876083722i | BA41: =IMABS(AZ41) -> 1.0017206 | BB41: =IMARGUMENT(AZ41) -> 0.05861985 | BC41: =IMPRODUCT(AS41,IMDIV(AZ41,IMPRODUCT(AT41,AW41))) -> -0,241326506331404+4,20024037532185i | BD41: =20*LOG(IMABS(BC41)) -> 12.479796 | BE41: =(180/PI())*IMARGUMENT(BC41) -> 93.288337 | BF41: =IMPRODUCT(AC41,BC41) -> 20,5839022905215+249,163857993724i | BG41: =20*LOG(IMABS(BF41)) -> 47.95924 | BH41: =(180/PI())*IMARGUMENT(BF41) -> 85.27741 | BI41: =IMPRODUCT(AP41,BC41) -> 41,8053775176375+1365,62768005838i | BJ41: =20*LOG(IMABS(BI41)) -> 62.710714 | BK41: =(180/PI())*IMARGUMENT(BI41) -> 88.246576 | BL41: =IF($B$31=0,BJ41,BG41) -> 47.95924 | BM41: =IF($B$31=0,BK41,BH41) -> 85.27741 | BO41: =SUM((BL42<0)*(BL41>0))*O41 -> 0 | BP41: =IF(BO41>0,BM41,0) -> 0
N42: 24 | O42: =10^(1+(N42/100)) -> 17.378008 | P42: =COMPLEX(Adc,0) -> 60 | Q42: =IMSUM(COMPLEX(1,0),IMDIV(COMPLEX(0,2*PI()*O42),COMPLEX(wp_lf,0))) -> 1+0,142673948550967i | R42: =IMABS(Q42) -> 1.0101267 | S42: =IMARGUMENT(Q42) -> 0.14171752 | T42: =IMSUM(COMPLEX(1,0),IMDIV(COMPLEX(0,2*PI()*O42),COMPLEX(wz_esr,0))) -> 1+0,00171208738261161i | U42: =IMABS(T42) -> 1.0000015 | V42: =IMARGUMENT(T42) -> 0.0017120857 | W42: =IMSUB(COMPLEX(1,0),IMDIV(COMPLEX(0,2*PI()*O42),COMPLEX(wz_rhp,0))) -> 1-0,00238851476368807i | X42: =IMABS(W42) -> 1.0000029 | Y42: =IMARGUMENT(W42) -> -0.0023885102 | Z42: =IMSUM(COMPLEX(1,0),IMDIV(COMPLEX(0,2*PI()*O42),COMPLEX(Q*(wsl/2),0)),IMDIV(IMPOWER(COMPLEX(0,2*PI()*O42),2),IMPOWER(COMPLEX(wsl/2,0),2))) -> 0,999999997534733+0,000637308662311173i | AA42: =IMABS(Z42) -> 1.0000002 | AB42: =IMARGUMENT(Z42) -> 0.00063730858 | AC42: =(IMDIV(IMPRODUCT(P42,T42,W42),IMPRODUCT(Q42,Z42))) -> 58,7921838954734-8,46693730754871i | AD42: =20*LOG(IMABS(AC42)) -> 35.475544 | AE42: =(180/PI())*IMARGUMENT(AC42) -> -8.1950871 | AF42: =COMPLEX($B$68,0) -> 326,048966736478 | AG42: =IMSUM(COMPLEX(1,0),IMDIV(COMPLEX(0,2*PI()*O42),COMPLEX(wp_lf_DCM,0))) -> 1+0,0917189669256219i | AH42: =IMABS(AG42) -> 1.0041974 | AI42: =IMARGUMENT(AG42) -> 0.091463066 | AJ42: =IMSUM(COMPLEX(1,0),IMDIV(COMPLEX(0,2*PI()*O42),COMPLEX(wz1_dcm,0))) -> 1+0,00171208738261161i | AK42: =IMABS(AJ42) -> 1.0000015 | AL42: =IMARGUMENT(AJ42) -> 0.0017120857 | AM42: =IMSUB(COMPLEX(1,0),IMDIV(COMPLEX(0,2*PI()*O42),COMPLEX(wz2_dcm,0))) -> 1-0,000282554018811751i | AN42: =IMABS(AM42) -> 1 | AO42: =IMARGUMENT(AM42) -> -0.00028255401 | AP42: =(IMDIV(IMPRODUCT(AF42,AJ42,AM42),IMPRODUCT(AG42))) -> 323,371553681332-29,1932069606028i | AQ42: =20*LOG(IMABS(AP42)) -> 50.229288 | AR42: =(180/PI())*IMARGUMENT(AP42) -> -5.1585415 | AS42: =COMPLEX(Adc_ea,0) -> -0,000100699300699301 | AT42: =COMPLEX(0,2*PI()*O42*wp0_ea) -> 0,0000245348236526039i | AU42: =IMABS(AT42) -> 2.4534824e-05 | AV42: =IMARGUMENT(AT42) -> 1.5707963 | AW42: =IMSUM(COMPLEX(1,0),IMDIV(COMPLEX(0,2*PI()*O42),COMPLEX(wp1_ea,0))) -> 1+0,00125613796968833i | AX42: =IMABS(AW42) -> 1.0000008 | AY42: =IMARGUMENT(AW42) -> 0.0012561373 | AZ42: =IMSUM(COMPLEX(1,0),IMDIV(COMPLEX(0,2*PI()*O42),COMPLEX(wz_ea,0))) -> 1+0,0600540854870142i | BA42: =IMABS(AZ42) -> 1.0018016 | BB42: =IMARGUMENT(AZ42) -> 0.059982046 | BC42: =IMPRODUCT(AS42,IMDIV(AZ42,IMPRODUCT(AT42,AW42))) -> -0,241326489193287+4,10464487522428i | BD42: =20*LOG(IMABS(BC42)) -> 12.280498 | BE42: =(180/PI())*IMARGUMENT(BC42) -> 93.364747 | BF42: =IMPRODUCT(AC42,BC42) -> 20,5656594967744+243,364332584449i | BG42: =20*LOG(IMABS(BF42)) -> 47.756042 | BH42: =(180/PI())*IMARGUMENT(BF42) -> 85.16966 | BI42: =IMPRODUCT(AP42,BC42) -> 41,7896255873057+1334,37048475549i | BJ42: =20*LOG(IMABS(BI42)) -> 62.509786 | BK42: =(180/PI())*IMARGUMENT(BI42) -> 88.206205 | BL42: =IF($B$31=0,BJ42,BG42) -> 47.756042 | BM42: =IF($B$31=0,BK42,BH42) -> 85.16966 | BO42: =SUM((BL43<0)*(BL42>0))*O42 -> 0 | BP42: =IF(BO42>0,BM42,0) -> 0
N43: 25 | O43: =10^(1+(N43/100)) -> 17.782794 | P43: =COMPLEX(Adc,0) -> 60 | Q43: =IMSUM(COMPLEX(1,0),IMDIV(COMPLEX(0,2*PI()*O43),COMPLEX(wp_lf,0))) -> 1+0,145997251733229i | R43: =IMABS(Q43) -> 1.0106014 | S43: =IMARGUMENT(Q43) -> 0.144973 | T43: =IMSUM(COMPLEX(1,0),IMDIV(COMPLEX(0,2*PI()*O43),COMPLEX(wz_esr,0))) -> 1+0,00175196702079875i | U43: =IMABS(T43) -> 1.0000015 | V43: =IMARGUMENT(T43) -> 0.0017519652 | W43: =IMSUB(COMPLEX(1,0),IMDIV(COMPLEX(0,2*PI()*O43),COMPLEX(wz_rhp,0))) -> 1-0,00244415041964111i | X43: =IMABS(W43) -> 1.000003 | Y43: =IMARGUMENT(W43) -> -0.0024441456 | Z43: =IMSUM(COMPLEX(1,0),IMDIV(COMPLEX(0,2*PI()*O43),COMPLEX(Q*(wsl/2),0)),IMDIV(IMPOWER(COMPLEX(0,2*PI()*O43),2),IMPOWER(COMPLEX(wsl/2,0),2))) -> 0,999999997418549+0,000652153488062842i | AA43: =IMABS(Z43) -> 1.0000002 | AB43: =IMARGUMENT(Z43) -> 0.0006521534 | AC43: =(IMDIV(IMPRODUCT(P43,T43,W43),IMPRODUCT(Q43,Z43))) -> 58,736449269827-8,65602051673537i | AD43: =20*LOG(IMABS(AC43)) -> 35.471465 | AE43: =(180/PI())*IMARGUMENT(AC43) -> -8.3833657 | AF43: =COMPLEX($B$68,0) -> 326,048966736478 | AG43: =IMSUM(COMPLEX(1,0),IMDIV(COMPLEX(0,2*PI()*O43),COMPLEX(wp_lf_DCM,0))) -> 1+0,0938553761142186i | AH43: =IMABS(AG43) -> 1.0043948 | AI43: =IMARGUMENT(AG43) -> 0.093581238 | AJ43: =IMSUM(COMPLEX(1,0),IMDIV(COMPLEX(0,2*PI()*O43),COMPLEX(wz1_dcm,0))) -> 1+0,00175196702079875i | AK43: =IMABS(AJ43) -> 1.0000015 | AL43: =IMARGUMENT(AJ43) -> 0.0017519652 | AM43: =IMSUB(COMPLEX(1,0),IMDIV(COMPLEX(0,2*PI()*O43),COMPLEX(wz2_dcm,0))) -> 1-0,000289135547390827i | AN43: =IMABS(AM43) -> 1 | AO43: =IMARGUMENT(AM43) -> -0.00028913554 | AP43: =(IMDIV(IMPRODUCT(AF43,AJ43,AM43),IMPRODUCT(AG43))) -> 323,24647290699-29,8614646018659i | AQ43: =20*LOG(IMABS(AP43)) -> 50.227582 | AR43: =(180/PI())*IMARGUMENT(AP43) -> -5.277996 | AS43: =COMPLEX(Adc_ea,0) -> -0,000100699300699301 | AT43: =COMPLEX(0,2*PI()*O43*wp0_ea) -> 0,0000251063131105535i | AU43: =IMABS(AT43) -> 2.5106313e-05 | AV43: =IMARGUMENT(AT43) -> 1.5707963 | AW43: =IMSUM(COMPLEX(1,0),IMDIV(COMPLEX(0,2*PI()*O43),COMPLEX(wp1_ea,0))) -> 1+0,00128539718171983i | AX43: =IMABS(AW43) -> 1.0000008 | AY43: =IMARGUMENT(AW43) -> 0.0012853965 | AZ43: =IMSUM(COMPLEX(1,0),IMDIV(COMPLEX(0,2*PI()*O43),COMPLEX(wz_ea,0))) -> 1+0,0614529248366907i | BA43: =IMABS(AZ43) -> 1.0018865 | BB43: =IMARGUMENT(AZ43) -> 0.061375741 | BC43: =IMPRODUCT(AS43,IMDIV(AZ43,IMPRODUCT(AT43,AW43))) -> -0,24132647124748+4,01122571216898i | BD43: =20*LOG(IMABS(BC43)) -> 12.081233 | BE43: =(180/PI())*IMARGUMENT(BC43) -> 93.442923 | BF43: =IMPRODUCT(AC43,BC43) -> 20,5465920258972+237,694082438989i | BG43: =20*LOG(IMABS(BF43)) -> 47.552698 | BH43: =(180/PI())*IMARGUMENT(BF43) -> 85.059558 | BI43: =IMPRODUCT(AP43,BC43) -> 41,7731439641903+1303,8209253711i | BJ43: =20*LOG(IMABS(BI43)) -> 62.308815 | BK43: =(180/PI())*IMARGUMENT(BI43) -> 88.164927 | BL43: =IF($B$31=0,BJ43,BG43) -> 47.552698 | BM43: =IF($B$31=0,BK43,BH43) -> 85.059558 | BO43: =SUM((BL44<0)*(BL43>0))*O43 -> 0 | BP43: =IF(BO43>0,BM43,0) -> 0
A44: Se | B44: =(Isl*(Rsl_int+R_sl)*Fsw) -> 60200 | C44: V/V | E44: Slope compensation | N44: 26 | O44: =10^(1+(N44/100)) -> 18.197009 | P44: =COMPLEX(Adc,0) -> 60 | Q44: =IMSUM(COMPLEX(1,0),IMDIV(COMPLEX(0,2*PI()*O44),COMPLEX(wp_lf,0))) -> 1+0,149397964590863i | R44: =IMABS(Q44) -> 1.0110983 | S44: =IMARGUMENT(Q44) -> 0.14830111 | T44: =IMSUM(COMPLEX(1,0),IMDIV(COMPLEX(0,2*PI()*O44),COMPLEX(wz_esr,0))) -> 1+0,00179277557509035i | U44: =IMABS(T44) -> 1.0000016 | V44: =IMARGUMENT(T44) -> 0.0017927737 | W44: =IMSUB(COMPLEX(1,0),IMDIV(COMPLEX(0,2*PI()*O44),COMPLEX(wz_rhp,0))) -> 1-0,00250108199649882i | X44: =IMABS(W44) -> 1.0000031 | Y44: =IMARGUMENT(W44) -> -0.0025010768 | Z44: =IMSUM(COMPLEX(1,0),IMDIV(COMPLEX(0,2*PI()*O44),COMPLEX(Q*(wsl/2),0)),IMDIV(IMPOWER(COMPLEX(0,2*PI()*O44),2),IMPOWER(COMPLEX(wsl/2,0),2))) -> 0,999999997296889+0,000667344094226158i | AA44: =IMABS(Z44) -> 1.0000002 | AB44: =IMARGUMENT(Z44) -> 0.000667344 | AC44: =(IMDIV(IMPRODUCT(P44,T44,W44),IMPRODUCT(Q44,Z44))) -> 58,6782000653467-8,84894282966641i | AD44: =20*LOG(IMABS(AC44)) -> 35.467197 | AE44: =(180/PI())*IMARGUMENT(AC44) -> -8.5758464 | AF44: =COMPLEX($B$68,0) -> 326,048966736478 | AG44: =IMSUM(COMPLEX(1,0),IMDIV(COMPLEX(0,2*PI()*O44),COMPLEX(wp_lf_DCM,0))) -> 1+0,0960415486655546i | AH44: =IMABS(AG44) -> 1.0046014 | AI44: =IMARGUMENT(AG44) -> 0.095747877 | AJ44: =IMSUM(COMPLEX(1,0),IMDIV(COMPLEX(0,2*PI()*O44),COMPLEX(wz1_dcm,0))) -> 1+0,00179277557509035i | AK44: =IMABS(AJ44) -> 1.0000016 | AL44: =IMARGUMENT(AJ44) -> 0.0017927737 | AM44: =IMSUB(COMPLEX(1,0),IMDIV(COMPLEX(0,2*PI()*O44),COMPLEX(wz2_dcm,0))) -> 1-0,000295870379464294i | AN44: =IMABS(AM44) -> 1 | AO44: =IMARGUMENT(AM44) -> -0.00029587037 | AP44: =(IMDIV(IMPRODUCT(AF44,AJ44,AM44),IMPRODUCT(AG44))) -> 323,115602586978-30,5444584781209i | AQ44: =20*LOG(IMABS(AP44)) -> 50.225795 | AR44: =(180/PI())*IMARGUMENT(AP44) -> -5.400183 | AS44: =COMPLEX(Adc_ea,0) -> -0,000100699300699301 | AT44: =COMPLEX(0,2*PI()*O44*wp0_ea) -> 0,0000256911142680358i | AU44: =IMABS(AT44) -> 2.5691114e-05 | AV44: =IMARGUMENT(AT44) -> 1.5707963 | AW44: =IMSUM(COMPLEX(1,0),IMDIV(COMPLEX(0,2*PI()*O44),COMPLEX(wp1_ea,0))) -> 1+0,00131533792835134i | AX44: =IMABS(AW44) -> 1.0000009 | AY44: =IMARGUMENT(AW44) -> 0.0013153372 | AZ44: =IMSUM(COMPLEX(1,0),IMDIV(COMPLEX(0,2*PI()*O44),COMPLEX(wz_ea,0))) -> 1+0,0628843473405416i | BA44: =IMABS(AZ44) -> 1.0019753 | BB44: =IMARGUMENT(AZ44) -> 0.062801653 | BC44: =IMPRODUCT(AS44,IMDIV(AZ44,IMPRODUCT(AT44,AW44))) -> -0,241326452455915+3,91993335407891i | BD44: =20*LOG(IMABS(BC44)) -> 11.882003 | BE44: =(180/PI())*IMARGUMENT(BC44) -> 93.522906 | BF44: =IMPRODUCT(AC44,BC44) -> 20,5266642880782+232,150117574536i | BG44: =20*LOG(IMABS(BF44)) -> 47.3492 | BH44: =(180/PI())*IMARGUMENT(BF44) -> 84.94706 | BI44: =IMPRODUCT(AP44,BC44) -> 41,7558994651938+1273,96281361071i | BJ44: =20*LOG(IMABS(BI44)) -> 62.107798 | BK44: =(180/PI())*IMARGUMENT(BI44) -> 88.122723 | BL44: =IF($B$31=0,BJ44,BG44) -> 47.3492 | BM44: =IF($B$31=0,BK44,BH44) -> 84.94706 | BO44: =SUM((BL45<0)*(BL44>0))*O44 -> 0 | BP44: =IF(BO44>0,BM44,0) -> 0
A45: Sn | B45: =(R_cs*VIN_var*Acs)/Lm -> 4000 | C45: V/V | E45: Down slope at the selected input voltage | N45: 27 | O45: =10^(1+(N45/100)) -> 18.620871 | P45: =COMPLEX(Adc,0) -> 60 | Q45: =IMSUM(COMPLEX(1,0),IMDIV(COMPLEX(0,2*PI()*O45),COMPLEX(wp_lf,0))) -> 1+0,152877890226838i | R45: =IMABS(Q45) -> 1.0116183 | S45: =IMARGUMENT(Q45) -> 0.15170331 | T45: =IMSUM(COMPLEX(1,0),IMDIV(COMPLEX(0,2*PI()*O45),COMPLEX(wz_esr,0))) -> 1+0,00183453468272205i | U45: =IMABS(T45) -> 1.0000017 | V45: =IMARGUMENT(T45) -> 0.0018345326 | W45: =IMSUB(COMPLEX(1,0),IMDIV(COMPLEX(0,2*PI()*O45),COMPLEX(wz_rhp,0))) -> 1-0,00255933968013679i | X45: =IMABS(W45) -> 1.0000033 | Y45: =IMARGUMENT(W45) -> -0.0025593341 | Z45: =IMSUM(COMPLEX(1,0),IMDIV(COMPLEX(0,2*PI()*O45),COMPLEX(Q*(wsl/2),0)),IMDIV(IMPOWER(COMPLEX(0,2*PI()*O45),2),IMPOWER(COMPLEX(wsl/2,0),2))) -> 0,999999997169495+0,000682888535061574i | AA45: =IMABS(Z45) -> 1.0000002 | AB45: =IMARGUMENT(Z45) -> 0.00068288843 | AC45: =(IMDIV(IMPRODUCT(P45,T45,W45),IMPRODUCT(Q45,Z45))) -> 58,6173282277937-9,04575523549297i | AD45: =20*LOG(IMABS(AC45)) -> 35.462732 | AE45: =(180/PI())*IMARGUMENT(AC45) -> -8.7726144 | AF45: =COMPLEX($B$68,0) -> 326,048966736478 | AG45: =IMSUM(COMPLEX(1,0),IMDIV(COMPLEX(0,2*PI()*O45),COMPLEX(wp_lf_DCM,0))) -> 1+0,0982786437172529i | AH45: =IMABS(AG45) -> 1.0048177 | AI45: =IMARGUMENT(AG45) -> 0.09796405 | AJ45: =IMSUM(COMPLEX(1,0),IMDIV(COMPLEX(0,2*PI()*O45),COMPLEX(wz1_dcm,0))) -> 1+0,00183453468272205i | AK45: =IMABS(AJ45) -> 1.0000017 | AL45: =IMARGUMENT(AJ45) -> 0.0018345326 | AM45: =IMSUB(COMPLEX(1,0),IMDIV(COMPLEX(0,2*PI()*O45),COMPLEX(wz2_dcm,0))) -> 1-0,00030276208592926i | AN45: =IMABS(AM45) -> 1 | AO45: =IMARGUMENT(AM45) -> -0.00030276208 | AP45: =(IMDIV(IMPRODUCT(AF45,AJ45,AM45),IMPRODUCT(AG45))) -> 322,97867988786-31,2424737365081i | AQ45: =20*LOG(IMABS(AP45)) -> 50.223926 | AR45: =(180/PI())*IMARGUMENT(AP45) -> -5.5251626 | AS45: =COMPLEX(Adc_ea,0) -> -0,000100699300699301 | AT45: =COMPLEX(0,2*PI()*O45*wp0_ea) -> 0,0000262895371943653i | AU45: =IMABS(AT45) -> 2.6289537e-05 | AV45: =IMARGUMENT(AT45) -> 1.5707963 | AW45: =IMSUM(COMPLEX(1,0),IMDIV(COMPLEX(0,2*PI()*O45),COMPLEX(wp1_ea,0))) -> 1+0,00134597608456301i | AX45: =IMABS(AW45) -> 1.0000009 | AY45: =IMARGUMENT(AW45) -> 0.0013459753 | AZ45: =IMSUM(COMPLEX(1,0),IMDIV(COMPLEX(0,2*PI()*O45),COMPLEX(wz_ea,0))) -> 1+0,064349111957725i | BA45: =IMABS(AZ45) -> 1.0020683 | BB45: =IMARGUMENT(AZ45) -> 0.064260513 | BC45: =IMPRODUCT(AS45,IMDIV(AZ45,IMPRODUCT(AT45,AW45))) -> -0,241326432778732+3,83071939653727i | BD45: =20*LOG(IMABS(BC45)) -> 11.682809 | BE45: =(180/PI())*IMARGUMENT(BC45) -> 93.604737 | BF45: =IMPRODUCT(AC45,BC45) -> 20,505839316698+226,729516058172i | BG45: =20*LOG(IMABS(BF45)) -> 47.145541 | BH45: =(180/PI())*IMARGUMENT(BF45) -> 84.832123 | BI45: =IMPRODUCT(AP45,BC45) -> 41,7378574573266+1244,78032845244i | BJ45: =20*LOG(IMABS(BI45)) -> 61.906734 | BK45: =(180/PI())*IMARGUMENT(BI45) -> 88.079575 | BL45: =IF($B$31=0,BJ45,BG45) -> 47.145541 | BM45: =IF($B$31=0,BK45,BH45) -> 84.832123 | BO45: =SUM((BL46<0)*(BL45>0))*O45 -> 0 | BP45: =IF(BO45>0,BM45,0) -> 0
N46: 28 | O46: =10^(1+(N46/100)) -> 19.054607 | P46: =COMPLEX(Adc,0) -> 60 | Q46: =IMSUM(COMPLEX(1,0),IMDIV(COMPLEX(0,2*PI()*O46),COMPLEX(wp_lf,0))) -> 1+0,156438873743791i | R46: =IMABS(Q46) -> 1.0121626 | S46: =IMARGUMENT(Q46) -> 0.15518111 | T46: =IMSUM(COMPLEX(1,0),IMDIV(COMPLEX(0,2*PI()*O46),COMPLEX(wz_esr,0))) -> 1+0,00187726648492549i | U46: =IMABS(T46) -> 1.0000018 | V46: =IMARGUMENT(T46) -> 0.0018772643 | W46: =IMSUB(COMPLEX(1,0),IMDIV(COMPLEX(0,2*PI()*O46),COMPLEX(wz_rhp,0))) -> 1-0,00261895435955007i | X46: =IMABS(W46) -> 1.0000034 | Y46: =IMARGUMENT(W46) -> -0.0026189484 | Z46: =IMSUM(COMPLEX(1,0),IMDIV(COMPLEX(0,2*PI()*O46),COMPLEX(Q*(wsl/2),0)),IMDIV(IMPOWER(COMPLEX(0,2*PI()*O46),2),IMPOWER(COMPLEX(wsl/2,0),2))) -> 0,999999997036098+0,000698795052437384i | AA46: =IMABS(Z46) -> 1.0000002 | AB46: =IMARGUMENT(Z46) -> 0.00069879494 | AC46: =(IMDIV(IMPRODUCT(P46,T46,W46),IMPRODUCT(Q46,Z46))) -> 58,5537215670942-9,24650739539981i | AD46: =20*LOG(IMABS(AC46)) -> 35.458062 | AE46: =(180/PI())*IMARGUMENT(AC46) -> -8.973756 | AF46: =COMPLEX($B$68,0) -> 326,048966736478 | AG46: =IMSUM(COMPLEX(1,0),IMDIV(COMPLEX(0,2*PI()*O46),COMPLEX(wp_lf_DCM,0))) -> 1+0,100567847406723i | AH46: =IMABS(AG46) -> 1.0050442 | AI46: =IMARGUMENT(AG46) -> 0.10023085 | AJ46: =IMSUM(COMPLEX(1,0),IMDIV(COMPLEX(0,2*PI()*O46),COMPLEX(wz1_dcm,0))) -> 1+0,00187726648492549i | AK46: =IMABS(AJ46) -> 1.0000018 | AL46: =IMARGUMENT(AJ46) -> 0.0018772643 | AM46: =IMSUB(COMPLEX(1,0),IMDIV(COMPLEX(0,2*PI()*O46),COMPLEX(wz2_dcm,0))) -> 1-0,000309814320859717i | AN46: =IMABS(AM46) -> 1 | AO46: =IMARGUMENT(AM46) -> -0.00030981431 | AP46: =(IMDIV(IMPRODUCT(AF46,AJ46,AM46),IMPRODUCT(AG46))) -> 322,835430535059-31,955798157031i | AQ46: =20*LOG(IMABS(AP46)) -> 50.221969 | AR46: =(180/PI())*IMARGUMENT(AP46) -> -5.6529962 | AS46: =COMPLEX(Adc_ea,0) -> -0,000100699300699301 | AT46: =COMPLEX(0,2*PI()*O46*wp0_ea) -> 0,0000269018991812982i | AU46: =IMABS(AT46) -> 2.6901899e-05 | AV46: =IMARGUMENT(AT46) -> 1.5707963 | AW46: =IMSUM(COMPLEX(1,0),IMDIV(COMPLEX(0,2*PI()*O46),COMPLEX(wp1_ea,0))) -> 1+0,00137732789511083i | AX46: =IMABS(AW46) -> 1.0000009 | AY46: =IMARGUMENT(AW46) -> 0.001377327 | AZ46: =IMSUM(COMPLEX(1,0),IMDIV(COMPLEX(0,2*PI()*O46),COMPLEX(wz_ea,0))) -> 1+0,0658479953258302i | BA46: =IMABS(AZ46) -> 1.0021656 | BB46: =IMARGUMENT(AZ46) -> 0.065753071 | BC46: =IMPRODUCT(AS46,IMDIV(AZ46,IMPRODUCT(AT46,AW46))) -> -0,2413264121742+3,74353653712278i | BD46: =20*LOG(IMABS(BC46)) -> 11.483652 | BE46: =(180/PI())*IMARGUMENT(BC46) -> 93.688458 | BF46: =IMPRODUCT(AC46,BC46) -> 20,4840787302213+221,429422525805i | BG46: =20*LOG(IMABS(BF46)) -> 46.941714 | BH46: =(180/PI())*IMARGUMENT(BF46) -> 84.714702 | BI46: =IMPRODUCT(AP46,BC46) -> 41,7189818000274+1216,25800780316i | BJ46: =20*LOG(IMABS(BI46)) -> 61.705621 | BK46: =(180/PI())*IMARGUMENT(BI46) -> 88.035462 | BL46: =IF($B$31=0,BJ46,BG46) -> 46.941714 | BM46: =IF($B$31=0,BK46,BH46) -> 84.714702 | BO46: =SUM((BL47<0)*(BL46>0))*O46 -> 0 | BP46: =IF(BO46>0,BM46,0) -> 0
A47: wsl | B47: =2*PI()*Fsw -> 4398229.7 | C47: Rad | N47: 29 | O47: =10^(1+(N47/100)) -> 19.498446 | P47: =COMPLEX(Adc,0) -> 60 | Q47: =IMSUM(COMPLEX(1,0),IMDIV(COMPLEX(0,2*PI()*O47),COMPLEX(wp_lf,0))) -> 1+0,160082803222314i | R47: =IMABS(Q47) -> 1.0127322 | S47: =IMARGUMENT(Q47) -> 0.158736 | T47: =IMSUM(COMPLEX(1,0),IMDIV(COMPLEX(0,2*PI()*O47),COMPLEX(wz_esr,0))) -> 1+0,00192099363866777i | U47: =IMABS(T47) -> 1.0000018 | V47: =IMARGUMENT(T47) -> 0.0019209913 | W47: =IMSUB(COMPLEX(1,0),IMDIV(COMPLEX(0,2*PI()*O47),COMPLEX(wz_rhp,0))) -> 1-0,0026799576432307i | X47: =IMABS(W47) -> 1.0000036 | Y47: =IMARGUMENT(W47) -> -0.0026799512 | Z47: =IMSUM(COMPLEX(1,0),IMDIV(COMPLEX(0,2*PI()*O47),COMPLEX(Q*(wsl/2),0)),IMDIV(IMPOWER(COMPLEX(0,2*PI()*O47),2),IMPOWER(COMPLEX(wsl/2,0),2))) -> 0,999999996896413+0,000715072080199633i | AA47: =IMABS(Z47) -> 1.0000003 | AB47: =IMARGUMENT(Z47) -> 0.00071507196 | AC47: =(IMDIV(IMPRODUCT(P47,T47,W47),IMPRODUCT(Q47,Z47))) -> 58,4872636473388-9,45124745861816i | AD47: =20*LOG(IMABS(AC47)) -> 35.453178 | AE47: =(180/PI())*IMARGUMENT(AC47) -> -9.1793585 | AF47: =COMPLEX($B$68,0) -> 326,048966736478 | AG47: =IMSUM(COMPLEX(1,0),IMDIV(COMPLEX(0,2*PI()*O47),COMPLEX(wp_lf_DCM,0))) -> 1+0,102910373500059i | AH47: =IMABS(AG47) -> 1.0052813 | AI47: =IMARGUMENT(AG47) -> 0.10254937 | AJ47: =IMSUM(COMPLEX(1,0),IMDIV(COMPLEX(0,2*PI()*O47),COMPLEX(wz1_dcm,0))) -> 1+0,00192099363866777i | AK47: =IMABS(AJ47) -> 1.0000018 | AL47: =IMARGUMENT(AJ47) -> 0.0019209913 | AM47: =IMSUB(COMPLEX(1,0),IMDIV(COMPLEX(0,2*PI()*O47),COMPLEX(wz2_dcm,0))) -> 1-0,000317030823443968i | AN47: =IMABS(AM47) -> 1.0000001 | AO47: =IMARGUMENT(AM47) -> -0.00031703081 | AP47: =(IMDIV(IMPRODUCT(AF47,AJ47,AM47),IMPRODUCT(AG47))) -> 322,685568361862-32,6847219446105i | AQ47: =20*LOG(IMABS(AP47)) -> 50.219921 | AR47: =(180/PI())*IMARGUMENT(AP47) -> -5.7837461 | AS47: =COMPLEX(Adc_ea,0) -> -0,000100699300699301 | AT47: =COMPLEX(0,2*PI()*O47*wp0_ea) -> 0,0000275285249112658i | AU47: =IMABS(AT47) -> 2.7528525e-05 | AV47: =IMARGUMENT(AT47) -> 1.5707963 | AW47: =IMSUM(COMPLEX(1,0),IMDIV(COMPLEX(0,2*PI()*O47),COMPLEX(wp1_ea,0))) -> 1+0,0014094099831397i | AX47: =IMABS(AW47) -> 1.000001 | AY47: =IMARGUMENT(AW47) -> 0.001409409 | AZ47: =IMSUM(COMPLEX(1,0),IMDIV(COMPLEX(0,2*PI()*O47),COMPLEX(wz_ea,0))) -> 1+0,0673817921726575i | BA47: =IMABS(AZ47) -> 1.0022676 | BB47: =IMARGUMENT(AZ47) -> 0.067280091 | BC47: =IMPRODUCT(AS47,IMDIV(AZ47,IMPRODUCT(AT47,AW47))) -> -0,241326390598605+3,65833855032914i | BD47: =20*LOG(IMABS(BC47)) -> 11.284535 | BE47: =(180/PI())*IMARGUMENT(BC47) -> 93.774112 | BF47: =IMPRODUCT(AC47,BC47) -> 20,4613426945619+216,247046740166i | BG47: =20*LOG(IMABS(BF47)) -> 46.737713 | BH47: =(180/PI())*IMARGUMENT(BF47) -> 84.594754 | BI47: =IMPRODUCT(AP47,BC47) -> 41,6992347857298+1188,38074034768i | BJ47: =20*LOG(IMABS(BI47)) -> 61.504456 | BK47: =(180/PI())*IMARGUMENT(BI47) -> 87.990366 | BL47: =IF($B$31=0,BJ47,BG47) -> 46.737713 | BM47: =IF($B$31=0,BK47,BH47) -> 84.594754 | BO47: =SUM((BL48<0)*(BL47>0))*O47 -> 0 | BP47: =IF(BO47>0,BM47,0) -> 0
A48: Q | B48: =1/(PI()*(((1-DC_VIN_Var)*(1+(B44/B45)))-0.5)) -> 0.077908014 | N48: 30 | O48: =10^(1+(N48/100)) -> 19.952623 | P48: =COMPLEX(Adc,0) -> 60 | Q48: =IMSUM(COMPLEX(1,0),IMDIV(COMPLEX(0,2*PI()*O48),COMPLEX(wp_lf,0))) -> 1+0,163811610722053i | R48: =IMABS(Q48) -> 1.0133283 | S48: =IMARGUMENT(Q48) -> 0.16236951 | T48: =IMSUM(COMPLEX(1,0),IMDIV(COMPLEX(0,2*PI()*O48),COMPLEX(wz_esr,0))) -> 1+0,00196573932866464i | U48: =IMABS(T48) -> 1.0000019 | V48: =IMARGUMENT(T48) -> 0.0019657368 | W48: =IMSUB(COMPLEX(1,0),IMDIV(COMPLEX(0,2*PI()*O48),COMPLEX(wz_rhp,0))) -> 1-0,00274238187592723i | X48: =IMABS(W48) -> 1.0000038 | Y48: =IMARGUMENT(W48) -> -0.002742375 | Z48: =IMSUM(COMPLEX(1,0),IMDIV(COMPLEX(0,2*PI()*O48),COMPLEX(Q*(wsl/2),0)),IMDIV(IMPOWER(COMPLEX(0,2*PI()*O48),2),IMPOWER(COMPLEX(wsl/2,0),2))) -> 0,999999996750146+0,000731728248643907i | AA48: =IMABS(Z48) -> 1.0000003 | AB48: =IMARGUMENT(Z48) -> 0.00073172812 | AC48: =(IMDIV(IMPRODUCT(P48,T48,W48),IMPRODUCT(Q48,Z48))) -> 58,4178336787613-9,66002186622108i | AD48: =20*LOG(IMABS(AC48)) -> 35.448069 | AE48: =(180/PI())*IMARGUMENT(AC48) -> -9.3895104 | AF48: =COMPLEX($B$68,0) -> 326,048966736478 | AG48: =IMSUM(COMPLEX(1,0),IMDIV(COMPLEX(0,2*PI()*O48),COMPLEX(wp_lf_DCM,0))) -> 1+0,105307464035606i | AH48: =IMABS(AG48) -> 1.0055295 | AI48: =IMARGUMENT(AG48) -> 0.10492076 | AJ48: =IMSUM(COMPLEX(1,0),IMDIV(COMPLEX(0,2*PI()*O48),COMPLEX(wz1_dcm,0))) -> 1+0,00196573932866464i | AK48: =IMABS(AJ48) -> 1.0000019 | AL48: =IMARGUMENT(AJ48) -> 0.0019657368 | AM48: =IMSUB(COMPLEX(1,0),IMDIV(COMPLEX(0,2*PI()*O48),COMPLEX(wz2_dcm,0))) -> 1-0,00032441541996721i | AN48: =IMABS(AM48) -> 1.0000001 | AO48: =IMARGUMENT(AM48) -> -0.00032441541 | AP48: =(IMDIV(IMPRODUCT(AF48,AJ48,AM48),IMPRODUCT(AG48))) -> 322,528794845256-33,4295374991035i | AQ48: =20*LOG(IMABS(AP48)) -> 50.217777 | AR48: =(180/PI())*IMARGUMENT(AP48) -> -5.9174759 | AS48: =COMPLEX(Adc_ea,0) -> -0,000100699300699301 | AT48: =COMPLEX(0,2*PI()*O48*wp0_ea) -> 0,0000281697466295244i | AU48: =IMABS(AT48) -> 2.8169747e-05 | AV48: =IMARGUMENT(AT48) -> 1.5707963 | AW48: =IMSUM(COMPLEX(1,0),IMDIV(COMPLEX(0,2*PI()*O48),COMPLEX(wp1_ea,0))) -> 1+0,00144223935899739i | AX48: =IMABS(AW48) -> 1.000001 | AY48: =IMARGUMENT(AW48) -> 0.0014422384 | AZ48: =IMSUM(COMPLEX(1,0),IMDIV(COMPLEX(0,2*PI()*O48),COMPLEX(wz_ea,0))) -> 1+0,0689513157375987i | BA48: =IMABS(AZ48) -> 1.0023743 | BB48: =IMARGUMENT(AZ48) -> 0.068842355 | BC48: =IMPRODUCT(AS48,IMDIV(AZ48,IMPRODUCT(AT48,AW48))) -> -0,24132636800619+3,57508026305587i | BD48: =20*LOG(IMABS(BC48)) -> 11.08546 | BE48: =(180/PI())*IMARGUMENT(BC48) -> 93.861742 | BF48: =IMPRODUCT(AC48,BC48) -> 20,43758988613+211,179662187256i | BG48: =20*LOG(IMABS(BF48)) -> 46.533529 | BH48: =(180/PI())*IMARGUMENT(BF48) -> 84.472232 | BI48: =IMPRODUCT(AP48,BC48) -> 41,6785770787118+1161,13375758726i | BJ48: =20*LOG(IMABS(BI48)) -> 61.303237 | BK48: =(180/PI())*IMARGUMENT(BI48) -> 87.944266 | BL48: =IF($B$31=0,BJ48,BG48) -> 46.533529 | BM48: =IF($B$31=0,BK48,BH48) -> 84.472232 | BO48: =SUM((BL49<0)*(BL48>0))*O48 -> 0 | BP48: =IF(BO48>0,BM48,0) -> 0
N49: 31 | O49: =10^(1+(N49/100)) -> 20.417379 | P49: =COMPLEX(Adc,0) -> 60 | Q49: =IMSUM(COMPLEX(1,0),IMDIV(COMPLEX(0,2*PI()*O49),COMPLEX(wp_lf,0))) -> 1+0,167627273306099i | R49: =IMABS(Q49) -> 1.0139521 | S49: =IMARGUMENT(Q49) -> 0.16608318 | T49: =IMSUM(COMPLEX(1,0),IMDIV(COMPLEX(0,2*PI()*O49),COMPLEX(wz_esr,0))) -> 1+0,00201152727967319i | U49: =IMABS(T49) -> 1.000002 | V49: =IMARGUMENT(T49) -> 0.0020115246 | W49: =IMSUB(COMPLEX(1,0),IMDIV(COMPLEX(0,2*PI()*O49),COMPLEX(wz_rhp,0))) -> 1-0,00280626015579407i | X49: =IMABS(W49) -> 1.0000039 | Y49: =IMARGUMENT(W49) -> -0.0028062528 | Z49: =IMSUM(COMPLEX(1,0),IMDIV(COMPLEX(0,2*PI()*O49),COMPLEX(Q*(wsl/2),0)),IMDIV(IMPOWER(COMPLEX(0,2*PI()*O49),2),IMPOWER(COMPLEX(wsl/2,0),2))) -> 0,999999996596985+0,000748772389091177i | AA49: =IMABS(Z49) -> 1.0000003 | AB49: =IMARGUMENT(Z49) -> 0.00074877225 | AC49: =(IMDIV(IMPRODUCT(P49,T49,W49),IMPRODUCT(Q49,Z49))) -> 58,3453064123407-9,87287514217058i | AD49: =20*LOG(IMABS(AC49)) -> 35.442725 | AE49: =(180/PI())*IMARGUMENT(AC49) -> -9.6043011 | AF49: =COMPLEX($B$68,0) -> 326,048966736478 | AG49: =IMSUM(COMPLEX(1,0),IMDIV(COMPLEX(0,2*PI()*O49),COMPLEX(wp_lf_DCM,0))) -> 1+0,107760389982492i | AH49: =IMABS(AG49) -> 1.0057894 | AI49: =IMARGUMENT(AG49) -> 0.10734616 | AJ49: =IMSUM(COMPLEX(1,0),IMDIV(COMPLEX(0,2*PI()*O49),COMPLEX(wz1_dcm,0))) -> 1+0,00201152727967319i | AK49: =IMABS(AJ49) -> 1.000002 | AL49: =IMARGUMENT(AJ49) -> 0.0020115246 | AM49: =IMSUB(COMPLEX(1,0),IMDIV(COMPLEX(0,2*PI()*O49),COMPLEX(wz2_dcm,0))) -> 1-0,000331972025840263i | AN49: =IMABS(AM49) -> 1.0000001 | AO49: =IMARGUMENT(AM49) -> -0.00033197201 | AP49: =(IMDIV(IMPRODUCT(AF49,AJ49,AM49),IMPRODUCT(AG49))) -> 322,36479862867-34,1905391617639i | AQ49: =20*LOG(IMABS(AP49)) -> 50.215534 | AR49: =(180/PI())*IMARGUMENT(AP49) -> -6.0542505 | AS49: =COMPLEX(Adc_ea,0) -> -0,000100699300699301 | AT49: =COMPLEX(0,2*PI()*O49*wp0_ea) -> 0,0000288259043203168i | AU49: =IMABS(AT49) -> 2.8825904e-05 | AV49: =IMARGUMENT(AT49) -> 1.5707963 | AW49: =IMSUM(COMPLEX(1,0),IMDIV(COMPLEX(0,2*PI()*O49),COMPLEX(wp1_ea,0))) -> 1+0,00147583342925352i | AX49: =IMABS(AW49) -> 1.0000011 | AY49: =IMARGUMENT(AW49) -> 0.0014758324 | AZ49: =IMSUM(COMPLEX(1,0),IMDIV(COMPLEX(0,2*PI()*O49),COMPLEX(wz_ea,0))) -> 1+0,0705573982028222i | BA49: =IMABS(AZ49) -> 1.0024861 | BB49: =IMARGUMENT(AZ49) -> 0.07044066 | BC49: =IMPRODUCT(AS49,IMDIV(AZ49,IMPRODUCT(AT49,AW49))) -> -0,24132634434903+3,49371753065677i | BD49: =20*LOG(IMABS(BC49)) -> 10.886428 | BE49: =(180/PI())*IMARGUMENT(BC49) -> 93.951394 | BF49: =IMPRODUCT(AC49,BC49) -> 20,4127774557726+206,22460471061i | BG49: =20*LOG(IMABS(BF49)) -> 46.329153 | BH49: =(180/PI())*IMARGUMENT(BF49) -> 84.347092 | BI49: =IMPRODUCT(AP49,BC49) -> 41,6569676521932+1134,50262606285i | BJ49: =20*LOG(IMABS(BI49)) -> 61.101961 | BK49: =(180/PI())*IMARGUMENT(BI49) -> 87.897143 | BL49: =IF($B$31=0,BJ49,BG49) -> 46.329153 | BM49: =IF($B$31=0,BK49,BH49) -> 84.347092 | BO49: =SUM((BL50<0)*(BL49>0))*O49 -> 0 | BP49: =IF(BO49>0,BM49,0) -> 0
A50: Error Amplifier | N50: 32 | O50: =10^(1+(N50/100)) -> 20.892961 | P50: =COMPLEX(Adc,0) -> 60 | Q50: =IMSUM(COMPLEX(1,0),IMDIV(COMPLEX(0,2*PI()*O50),COMPLEX(wp_lf,0))) -> 1+0,171531814089263i | R50: =IMABS(Q50) -> 1.0146049 | S50: =IMARGUMENT(Q50) -> 0.16987857 | T50: =IMSUM(COMPLEX(1,0),IMDIV(COMPLEX(0,2*PI()*O50),COMPLEX(wz_esr,0))) -> 1+0,00205838176907116i | U50: =IMABS(T50) -> 1.0000021 | V50: =IMARGUMENT(T50) -> 0.0020583789 | W50: =IMSUB(COMPLEX(1,0),IMDIV(COMPLEX(0,2*PI()*O50),COMPLEX(wz_rhp,0))) -> 1-0,00287162635194079i | X50: =IMABS(W50) -> 1.0000041 | Y50: =IMARGUMENT(W50) -> -0.0028716185 | Z50: =IMSUM(COMPLEX(1,0),IMDIV(COMPLEX(0,2*PI()*O50),COMPLEX(Q*(wsl/2),0)),IMDIV(IMPOWER(COMPLEX(0,2*PI()*O50),2),IMPOWER(COMPLEX(wsl/2,0),2))) -> 0,999999996436605+0,000766213538570324i | AA50: =IMABS(Z50) -> 1.0000003 | AB50: =IMARGUMENT(Z50) -> 0.00076621339 | AC50: =(IMDIV(IMPRODUCT(P50,T50,W50),IMPRODUCT(Q50,Z50))) -> 58,2695520377361-10,0898496710938i | AD50: =20*LOG(IMABS(AC50)) -> 35.437137 | AE50: =(180/PI())*IMARGUMENT(AC50) -> -9.8238209 | AF50: =COMPLEX($B$68,0) -> 326,048966736478 | AG50: =IMSUM(COMPLEX(1,0),IMDIV(COMPLEX(0,2*PI()*O50),COMPLEX(wp_lf_DCM,0))) -> 1+0,110270451914526i | AH50: =IMABS(AG50) -> 1.0060614 | AI50: =IMARGUMENT(AG50) -> 0.10982674 | AJ50: =IMSUM(COMPLEX(1,0),IMDIV(COMPLEX(0,2*PI()*O50),COMPLEX(wz1_dcm,0))) -> 1+0,00205838176907116i | AK50: =IMABS(AJ50) -> 1.0000021 | AL50: =IMARGUMENT(AJ50) -> 0.0020583789 | AM50: =IMSUB(COMPLEX(1,0),IMDIV(COMPLEX(0,2*PI()*O50),COMPLEX(wz2_dcm,0))) -> 1-0,000339704647675588i | AN50: =IMABS(AM50) -> 1.0000001 | AO50: =IMARGUMENT(AM50) -> -0.00033970463 | AP50: =(IMDIV(IMPRODUCT(AF50,AJ50,AM50),IMPRODUCT(AG50))) -> 322,193255031787-34,9680229365827i | AQ50: =20*LOG(IMABS(AP50)) -> 50.213186 | AR50: =(180/PI())*IMARGUMENT(AP50) -> -6.1941358 | AS50: =COMPLEX(Adc_ea,0) -> -0,000100699300699301 | AT50: =COMPLEX(0,2*PI()*O50*wp0_ea) -> 0,0000294973458871357i | AU50: =IMABS(AT50) -> 2.9497346e-05 | AV50: =IMARGUMENT(AT50) -> 1.5707963 | AW50: =IMSUM(COMPLEX(1,0),IMDIV(COMPLEX(0,2*PI()*O50),COMPLEX(wp1_ea,0))) -> 1+0,0015102100059288i | AX50: =IMABS(AW50) -> 1.0000011 | AY50: =IMARGUMENT(AW50) -> 0.0015102089 | AZ50: =IMSUM(COMPLEX(1,0),IMDIV(COMPLEX(0,2*PI()*O50),COMPLEX(wz_ea,0))) -> 1+0,0722008911345111i | BA50: =IMABS(AZ50) -> 1.0026031 | BB50: =IMARGUMENT(AZ50) -> 0.072075822 | BC50: =IMPRODUCT(AS50,IMDIV(AZ50,IMPRODUCT(AT50,AW50))) -> -0,241326319576951+3,41420721353396i | BD50: =20*LOG(IMABS(BC50)) -> 10.687441 | BE50: =(180/PI())*IMARGUMENT(BC50) -> 94.043112 | BF50: =IMPRODUCT(AC50,BC50) -> 20,3868609938572+201,379271182841i | BG50: =20*LOG(IMABS(BF50)) -> 46.124579 | BH50: =(180/PI())*IMARGUMENT(BF50) -> 84.219291 | BI50: =IMPRODUCT(AP50,BC50) -> 41,6343637237625+1108,47323975968i | BJ50: =20*LOG(IMABS(BI50)) -> 60.900627 | BK50: =(180/PI())*IMARGUMENT(BI50) -> 87.848976 | BL50: =IF($B$31=0,BJ50,BG50) -> 46.124579 | BM50: =IF($B$31=0,BK50,BH50) -> 84.219291 | BO50: =SUM((BL51<0)*(BL50>0))*O50 -> 0 | BP50: =IF(BO50>0,BM50,0) -> 0
A51: Compensation Components | N51: 33 | O51: =10^(1+(N51/100)) -> 21.379621 | P51: =COMPLEX(Adc,0) -> 60 | Q51: =IMSUM(COMPLEX(1,0),IMDIV(COMPLEX(0,2*PI()*O51),COMPLEX(wp_lf,0))) -> 1+0,175527303310747i | R51: =IMABS(Q51) -> 1.0152881 | S51: =IMARGUMENT(Q51) -> 0.17375726 | T51: =IMSUM(COMPLEX(1,0),IMDIV(COMPLEX(0,2*PI()*O51),COMPLEX(wz_esr,0))) -> 1+0,00210632763972897i | U51: =IMABS(T51) -> 1.0000022 | V51: =IMARGUMENT(T51) -> 0.0021063245 | W51: =IMSUB(COMPLEX(1,0),IMDIV(COMPLEX(0,2*PI()*O51),COMPLEX(wz_rhp,0))) -> 1-0,00293851512238974i | X51: =IMABS(W51) -> 1.0000043 | Y51: =IMARGUMENT(W51) -> -0.0029385067 | Z51: =IMSUM(COMPLEX(1,0),IMDIV(COMPLEX(0,2*PI()*O51),COMPLEX(Q*(wsl/2),0)),IMDIV(IMPOWER(COMPLEX(0,2*PI()*O51),2),IMPOWER(COMPLEX(wsl/2,0),2))) -> 0,999999996268668+0,00078406094460965i | AA51: =IMABS(Z51) -> 1.0000003 | AB51: =IMARGUMENT(Z51) -> 0.00078406079 | AC51: =(IMDIV(IMPRODUCT(P51,T51,W51),IMPRODUCT(Q51,Z51))) -> 58,190436085332-10,3109854622683i | AD51: =20*LOG(IMABS(AC51)) -> 35.431294 | AE51: =(180/PI())*IMARGUMENT(AC51) -> -10.048161 | AF51: =COMPLEX($B$68,0) -> 326,048966736478 | AG51: =IMSUM(COMPLEX(1,0),IMDIV(COMPLEX(0,2*PI()*O51),COMPLEX(wp_lf_DCM,0))) -> 1+0,112838980699766i | AH51: =IMABS(AG51) -> 1.0063462 | AI51: =IMARGUMENT(AG51) -> 0.11236369 | AJ51: =IMSUM(COMPLEX(1,0),IMDIV(COMPLEX(0,2*PI()*O51),COMPLEX(wz1_dcm,0))) -> 1+0,00210632763972897i | AK51: =IMABS(AJ51) -> 1.0000022 | AL51: =IMARGUMENT(AJ51) -> 0.0021063245 | AM51: =IMSUB(COMPLEX(1,0),IMDIV(COMPLEX(0,2*PI()*O51),COMPLEX(wz2_dcm,0))) -> 1-0,000347617385411631i | AN51: =IMABS(AM51) -> 1.0000001 | AO51: =IMARGUMENT(AM51) -> -0.00034761737 | AP51: =(IMDIV(IMPRODUCT(AF51,AJ51,AM51),IMPRODUCT(AG51))) -> 322,013825547673-35,7622861848227i | AQ51: =20*LOG(IMABS(AP51)) -> 50.210728 | AR51: =(180/PI())*IMARGUMENT(AP51) -> -6.3371989 | AS51: =COMPLEX(Adc_ea,0) -> -0,000100699300699301 | AT51: =COMPLEX(0,2*PI()*O51*wp0_ea) -> 0,0000301844273371874i | AU51: =IMABS(AT51) -> 3.0184427e-05 | AV51: =IMARGUMENT(AT51) -> 1.5707963 | AW51: =IMSUM(COMPLEX(1,0),IMDIV(COMPLEX(0,2*PI()*O51),COMPLEX(wp1_ea,0))) -> 1+0,00154538731593922i | AX51: =IMABS(AW51) -> 1.0000012 | AY51: =IMARGUMENT(AW51) -> 0.0015453861 | AZ51: =IMSUM(COMPLEX(1,0),IMDIV(COMPLEX(0,2*PI()*O51),COMPLEX(wz_ea,0))) -> 1+0,0738826659343706i | BA51: =IMABS(AZ51) -> 1.0027256 | BB51: =IMARGUMENT(AZ51) -> 0.073748671 | BC51: =IMPRODUCT(AS51,IMDIV(AZ51,IMPRODUCT(AT51,AW51))) -> -0,241326293637403+3,33650715426461i | BD51: =20*LOG(IMABS(BC51)) -> 10.488502 | BE51: =(180/PI())*IMARGUMENT(BC51) -> 94.136944 | BF51: =IMPRODUCT(AC51,BC51) -> 20,3597944967592+196,641118213846i | BG51: =20*LOG(IMABS(BF51)) -> 45.919796 | BH51: =(180/PI())*IMARGUMENT(BF51) -> 84.088782 | BI51: =IMPRODUCT(AP51,BC51) -> 41,6107206890982+1083,03181268891i | BJ51: =20*LOG(IMABS(BI51)) -> 60.69923 | BK51: =(180/PI())*IMARGUMENT(BI51) -> 87.799745 | BL51: =IF($B$31=0,BJ51,BG51) -> 45.919796 | BM51: =IF($B$31=0,BK51,BH51) -> 84.088782 | BO51: =SUM((BL52<0)*(BL51>0))*O51 -> 0 | BP51: =IF(BO51>0,BM51,0) -> 0
A52: RFBT | B52: =RFBT -> 15000 | C52: Ω | E52: Top feedback resistor | N52: 34 | O52: =10^(1+(N52/100)) -> 21.877616 | P52: =COMPLEX(Adc,0) -> 60 | Q52: =IMSUM(COMPLEX(1,0),IMDIV(COMPLEX(0,2*PI()*O52),COMPLEX(wp_lf,0))) -> 1+0,179615859431826i | R52: =IMABS(Q52) -> 1.0160029 | S52: =IMARGUMENT(Q52) -> 0.17772083 | T52: =IMSUM(COMPLEX(1,0),IMDIV(COMPLEX(0,2*PI()*O52),COMPLEX(wz_esr,0))) -> 1+0,00215539031318192i | U52: =IMABS(T52) -> 1.0000023 | V52: =IMARGUMENT(T52) -> 0.002155387 | W52: =IMSUB(COMPLEX(1,0),IMDIV(COMPLEX(0,2*PI()*O52),COMPLEX(wz_rhp,0))) -> 1-0,00300696193245245i | X52: =IMABS(W52) -> 1.0000045 | Y52: =IMARGUMENT(W52) -> -0.0030069529 | Z52: =IMSUM(COMPLEX(1,0),IMDIV(COMPLEX(0,2*PI()*O52),COMPLEX(Q*(wsl/2),0)),IMDIV(IMPOWER(COMPLEX(0,2*PI()*O52),2),IMPOWER(COMPLEX(wsl/2,0),2))) -> 0,999999996092816+0,000802324070140084i | AA52: =IMABS(Z52) -> 1.0000003 | AB52: =IMARGUMENT(Z52) -> 0.0008023239 | AC52: =(IMDIV(IMPRODUCT(P52,T52,W52),IMPRODUCT(Q52,Z52))) -> 58,1078193332472-10,5363198993119i | AD52: =20*LOG(IMABS(AC52)) -> 35.425183 | AE52: =(180/PI())*IMARGUMENT(AC52) -> -10.277414 | AF52: =COMPLEX($B$68,0) -> 326,048966736478 | AG52: =IMSUM(COMPLEX(1,0),IMDIV(COMPLEX(0,2*PI()*O52),COMPLEX(wp_lf_DCM,0))) -> 1+0,115467338206174i | AH52: =IMABS(AG52) -> 1.0066443 | AI52: =IMARGUMENT(AG52) -> 0.11495824 | AJ52: =IMSUM(COMPLEX(1,0),IMDIV(COMPLEX(0,2*PI()*O52),COMPLEX(wz1_dcm,0))) -> 1+0,00215539031318192i | AK52: =IMABS(AJ52) -> 1.0000023 | AL52: =IMARGUMENT(AJ52) -> 0.002155387 | AM52: =IMSUB(COMPLEX(1,0),IMDIV(COMPLEX(0,2*PI()*O52),COMPLEX(wz2_dcm,0))) -> 1-0,00035571443448668i | AN52: =IMABS(AM52) -> 1.0000001 | AO52: =IMARGUMENT(AM52) -> -0.00035571442 | AP52: =(IMDIV(IMPRODUCT(AF52,AJ52,AM52),IMPRODUCT(AG52))) -> 321,826157327505-36,5736272910193i | AQ52: =20*LOG(IMABS(AP52)) -> 50.208157 | AR52: =(180/PI())*IMARGUMENT(AP52) -> -6.4835084 | AS52: =COMPLEX(Adc_ea,0) -> -0,000100699300699301 | AT52: =COMPLEX(0,2*PI()*O52*wp0_ea) -> 0,0000308875129701515i | AU52: =IMABS(AT52) -> 3.0887513e-05 | AV52: =IMARGUMENT(AT52) -> 1.5707963 | AW52: =IMSUM(COMPLEX(1,0),IMDIV(COMPLEX(0,2*PI()*O52),COMPLEX(wp1_ea,0))) -> 1+0,00158138401076017i | AX52: =IMABS(AW52) -> 1.0000013 | AY52: =IMARGUMENT(AW52) -> 0.0015813827 | AZ52: =IMSUM(COMPLEX(1,0),IMDIV(COMPLEX(0,2*PI()*O52),COMPLEX(wz_ea,0))) -> 1+0,0756036143016615i | BA52: =IMABS(AZ52) -> 1.0028539 | BB52: =IMARGUMENT(AZ52) -> 0.075460059 | BC52: =IMPRODUCT(AS52,IMDIV(AZ52,IMPRODUCT(AT52,AW52))) -> -0,241326266475369+3,26057615524856i | BD52: =20*LOG(IMABS(BC52)) -> 10.289613 | BE52: =(180/PI())*IMARGUMENT(BC52) -> 94.232936 | BF52: =IMPRODUCT(AC52,BC52) -> 20,3315303350495+192,007660895168i | BG52: =20*LOG(IMABS(BF52)) -> 45.714795 | BH52: =(180/PI())*IMARGUMENT(BF52) -> 83.955522 | BI52: =IMPRODUCT(AP52,BC52) -> 41,585992054084+1058,16487164294i | BJ52: =20*LOG(IMABS(BI52)) -> 60.497769 | BK52: =(180/PI())*IMARGUMENT(BI52) -> 87.749428 | BL52: =IF($B$31=0,BJ52,BG52) -> 45.714795 | BM52: =IF($B$31=0,BK52,BH52) -> 83.955522 | BO52: =SUM((BL53<0)*(BL52>0))*O52 -> 0 | BP52: =IF(BO52>0,BM52,0) -> 0
A53: RFBB | B53: =RFBB -> 2160 | C53: Ω | E53: Bottom feedback resistor | N53: 35 | O53: =10^(1+(N53/100)) -> 22.387211 | P53: =COMPLEX(Adc,0) -> 60 | Q53: =IMSUM(COMPLEX(1,0),IMDIV(COMPLEX(0,2*PI()*O53),COMPLEX(wp_lf,0))) -> 1+0,183799650259072i | R53: =IMABS(Q53) -> 1.0167509 | S53: =IMARGUMENT(Q53) -> 0.18177089 | T53: =IMSUM(COMPLEX(1,0),IMDIV(COMPLEX(0,2*PI()*O53),COMPLEX(wz_esr,0))) -> 1+0,00220559580310887i | U53: =IMABS(T53) -> 1.0000024 | V53: =IMARGUMENT(T53) -> 0.0022055922 | W53: =IMSUB(COMPLEX(1,0),IMDIV(COMPLEX(0,2*PI()*O53),COMPLEX(wz_rhp,0))) -> 1-0,00307700307353357i | X53: =IMABS(W53) -> 1.0000047 | Y53: =IMARGUMENT(W53) -> -0.0030769934 | Z53: =IMSUM(COMPLEX(1,0),IMDIV(COMPLEX(0,2*PI()*O53),COMPLEX(Q*(wsl/2),0)),IMDIV(IMPOWER(COMPLEX(0,2*PI()*O53),2),IMPOWER(COMPLEX(wsl/2,0),2))) -> 0,999999995908676+0,000821012598512516i | AA53: =IMABS(Z53) -> 1.0000003 | AB53: =IMARGUMENT(Z53) -> 0.00082101242 | AC53: =(IMDIV(IMPRODUCT(P53,T53,W53),IMPRODUCT(Q53,Z53))) -> 58,0215577202346-10,7658874750853i | AD53: =20*LOG(IMABS(AC53)) -> 35.418793 | AE53: =(180/PI())*IMARGUMENT(AC53) -> -10.511673 | AF53: =COMPLEX($B$68,0) -> 326,048966736478 | AG53: =IMSUM(COMPLEX(1,0),IMDIV(COMPLEX(0,2*PI()*O53),COMPLEX(wp_lf_DCM,0))) -> 1+0,118156918023689i | AH53: =IMABS(AG53) -> 1.0069563 | AI53: =IMARGUMENT(AG53) -> 0.11761161 | AJ53: =IMSUM(COMPLEX(1,0),IMDIV(COMPLEX(0,2*PI()*O53),COMPLEX(wz1_dcm,0))) -> 1+0,00220559580310887i | AK53: =IMABS(AJ53) -> 1.0000024 | AL53: =IMARGUMENT(AJ53) -> 0.0022055922 | AM53: =IMSUB(COMPLEX(1,0),IMDIV(COMPLEX(0,2*PI()*O53),COMPLEX(wz2_dcm,0))) -> 1-0,00036400008806333i | AN53: =IMABS(AM53) -> 1.0000001 | AO53: =IMARGUMENT(AM53) -> -0.00036400007 | AP53: =(IMDIV(IMPRODUCT(AF53,AJ53,AM53),IMPRODUCT(AG53))) -> 321,629882653333-37,4023452986017i | AQ53: =20*LOG(IMABS(AP53)) -> 50.205466 | AR53: =(180/PI())*IMARGUMENT(AP53) -> -6.6331336 | AS53: =COMPLEX(Adc_ea,0) -> -0,000100699300699301 | AT53: =COMPLEX(0,2*PI()*O53*wp0_ea) -> 0,000031606975571337i | AU53: =IMABS(AT53) -> 3.1606976e-05 | AV53: =IMARGUMENT(AT53) -> 1.5707963 | AW53: =IMSUM(COMPLEX(1,0),IMDIV(COMPLEX(0,2*PI()*O53),COMPLEX(wp1_ea,0))) -> 1+0,0016182191763157i | AX53: =IMABS(AW53) -> 1.0000013 | AY53: =IMARGUMENT(AW53) -> 0.0016182178 | AZ53: =IMSUM(COMPLEX(1,0),IMDIV(COMPLEX(0,2*PI()*O53),COMPLEX(wz_ea,0))) -> 1+0,0773646487059869i | BA53: =IMABS(AZ53) -> 1.0029882 | BB53: =IMARGUMENT(AZ53) -> 0.077210851 | BC53: =IMPRODUCT(AS53,IMDIV(AZ53,IMPRODUCT(AT53,AW53))) -> -0,241326238033231+3,1863739568648i | BD53: =20*LOG(IMABS(BC53)) -> 10.090775 | BE53: =(180/PI())*IMARGUMENT(BC53) -> 94.331139 | BF53: =IMPRODUCT(AC53,BC53) -> 20,3020192236966+187,476471579935i | BG53: =20*LOG(IMABS(BF53)) -> 45.509569 | BH53: =(180/PI())*IMARGUMENT(BF53) -> 83.819466 | BI53: =IMPRODUCT(AP53,BC53) -> 41,5601293653307+1033,85924912059i | BJ53: =20*LOG(IMABS(BI53)) -> 60.296241 | BK53: =(180/PI())*IMARGUMENT(BI53) -> 87.698005 | BL53: =IF($B$31=0,BJ53,BG53) -> 45.509569 | BM53: =IF($B$31=0,BK53,BH53) -> 83.819466 | BO53: =SUM((BL54<0)*(BL53>0))*O53 -> 0 | BP53: =IF(BO53>0,BM53,0) -> 0
A54: RCOMP | B54: =RCOMP -> 2500 | C54: Ω | E54: Type II compensation Resistort | N54: 36 | O54: =10^(1+(N54/100)) -> 22.908677 | P54: =COMPLEX(Adc,0) -> 60 | Q54: =IMSUM(COMPLEX(1,0),IMDIV(COMPLEX(0,2*PI()*O54),COMPLEX(wp_lf,0))) -> 1+0,188080894093762i | R54: =IMABS(Q54) -> 1.0175335 | S54: =IMARGUMENT(Q54) -> 0.18590906 | T54: =IMSUM(COMPLEX(1,0),IMDIV(COMPLEX(0,2*PI()*O54),COMPLEX(wz_esr,0))) -> 1+0,00225697072912514i | U54: =IMABS(T54) -> 1.0000025 | V54: =IMARGUMENT(T54) -> 0.0022569669 | W54: =IMSUB(COMPLEX(1,0),IMDIV(COMPLEX(0,2*PI()*O54),COMPLEX(wz_rhp,0))) -> 1-0,00314867568237324i | X54: =IMABS(W54) -> 1.000005 | Y54: =IMARGUMENT(W54) -> -0.0031486653 | Z54: =IMSUM(COMPLEX(1,0),IMDIV(COMPLEX(0,2*PI()*O54),COMPLEX(Q*(wsl/2),0)),IMDIV(IMPOWER(COMPLEX(0,2*PI()*O54),2),IMPOWER(COMPLEX(wsl/2,0),2))) -> 0,999999995715858+0,00084013643863207i | AA54: =IMABS(Z54) -> 1.0000003 | AB54: =IMARGUMENT(Z54) -> 0.00084013624 | AC54: =(IMDIV(IMPRODUCT(P54,T54,W54),IMPRODUCT(Q54,Z54))) -> 57,9315022654838-10,9997195113419i | AD54: =20*LOG(IMABS(AC54)) -> 35.412113 | AE54: =(180/PI())*IMARGUMENT(AC54) -> -10.751031 | AF54: =COMPLEX($B$68,0) -> 326,048966736478 | AG54: =IMSUM(COMPLEX(1,0),IMDIV(COMPLEX(0,2*PI()*O54),COMPLEX(wp_lf_DCM,0))) -> 1+0,120909146203133i | AH54: =IMABS(AG54) -> 1.007283 | AI54: =IMARGUMENT(AG54) -> 0.12032507 | AJ54: =IMSUM(COMPLEX(1,0),IMDIV(COMPLEX(0,2*PI()*O54),COMPLEX(wz1_dcm,0))) -> 1+0,00225697072912514i | AK54: =IMABS(AJ54) -> 1.0000025 | AL54: =IMARGUMENT(AJ54) -> 0.0022569669 | AM54: =IMSUB(COMPLEX(1,0),IMDIV(COMPLEX(0,2*PI()*O54),COMPLEX(wz2_dcm,0))) -> 1-0,000372478739304782i | AN54: =IMABS(AM54) -> 1.0000001 | AO54: =IMARGUMENT(AM54) -> -0.00037247872 | AP54: =(IMDIV(IMPRODUCT(AF54,AJ54,AM54),IMPRODUCT(AG54))) -> 321,42461839935-38,2487395132292i | AQ54: =20*LOG(IMABS(AP54)) -> 50.202649 | AR54: =(180/PI())*IMARGUMENT(AP54) -> -6.7861454 | AS54: =COMPLEX(Adc_ea,0) -> -0,000100699300699301 | AT54: =COMPLEX(0,2*PI()*O54*wp0_ea) -> 0,000032343196609338i | AU54: =IMABS(AT54) -> 3.2343197e-05 | AV54: =IMARGUMENT(AT54) -> 1.5707963 | AW54: =IMSUM(COMPLEX(1,0),IMDIV(COMPLEX(0,2*PI()*O54),COMPLEX(wp1_ea,0))) -> 1+0,00165591234309819i | AX54: =IMABS(AW54) -> 1.0000014 | AY54: =IMARGUMENT(AW54) -> 0.0016559108 | AZ54: =IMSUM(COMPLEX(1,0),IMDIV(COMPLEX(0,2*PI()*O54),COMPLEX(wz_ea,0))) -> 1+0,0791667028710986i | BA54: =IMABS(AZ54) -> 1.0031288 | BB54: =IMARGUMENT(AZ54) -> 0.079001933 | BC54: =IMPRODUCT(AS54,IMDIV(AZ54,IMPRODUCT(AT54,AW54))) -> -0,241326208250667+3,11386121612529i | BD54: =20*LOG(IMABS(BC54)) -> 9.8919923 | BE54: =(180/PI())*IMARGUMENT(BC54) -> 94.431601 | BF54: =IMPRODUCT(AC54,BC54) -> 20,27121019463+183,045178697857i | BG54: =20*LOG(IMABS(BF54)) -> 45.304105 | BH54: =(180/PI())*IMARGUMENT(BF54) -> 83.68057 | BI54: =IMPRODUCT(AP54,BC54) -> 41,5330821391906+1010,1020764187i | BJ54: =20*LOG(IMABS(BI54)) -> 60.094642 | BK54: =(180/PI())*IMARGUMENT(BI54) -> 87.645455 | BL54: =IF($B$31=0,BJ54,BG54) -> 45.304105 | BM54: =IF($B$31=0,BK54,BH54) -> 83.68057 | BO54: =SUM((BL55<0)*(BL54>0))*O54 -> 0 | BP54: =IF(BO54>0,BM54,0) -> 0
A55: CCOMP | B55: =CCOMP -> 2.2e-07 | C55: F | E55: Type II compensation Capacitor | N55: 37 | O55: =10^(1+(N55/100)) -> 23.442288 | P55: =COMPLEX(Adc,0) -> 60 | Q55: =IMSUM(COMPLEX(1,0),IMDIV(COMPLEX(0,2*PI()*O55),COMPLEX(wp_lf,0))) -> 1+0,192461860908045i | R55: =IMABS(Q55) -> 1.0183524 | S55: =IMARGUMENT(Q55) -> 0.19013695 | T55: =IMSUM(COMPLEX(1,0),IMDIV(COMPLEX(0,2*PI()*O55),COMPLEX(wz_esr,0))) -> 1+0,00230954233089654i | U55: =IMABS(T55) -> 1.0000027 | V55: =IMARGUMENT(T55) -> 0.0023095382 | W55: =IMSUB(COMPLEX(1,0),IMDIV(COMPLEX(0,2*PI()*O55),COMPLEX(wz_rhp,0))) -> 1-0,00322201776073737i | X55: =IMABS(W55) -> 1.0000052 | Y55: =IMARGUMENT(W55) -> -0.0032220066 | Z55: =IMSUM(COMPLEX(1,0),IMDIV(COMPLEX(0,2*PI()*O55),COMPLEX(Q*(wsl/2),0)),IMDIV(IMPOWER(COMPLEX(0,2*PI()*O55),2),IMPOWER(COMPLEX(wsl/2,0),2))) -> 0,999999995513952+0,000859705730211907i | AA55: =IMABS(Z55) -> 1.0000004 | AB55: =IMARGUMENT(Z55) -> 0.00085970552 | AC55: =(IMDIV(IMPRODUCT(P55,T55,W55),IMPRODUCT(Q55,Z55))) -> 57,8374989964216-11,2378438626855i | AD55: =20*LOG(IMABS(AC55)) -> 35.405128 | AE55: =(180/PI())*IMARGUMENT(AC55) -> -10.995583 | AF55: =COMPLEX($B$68,0) -> 326,048966736478 | AG55: =IMSUM(COMPLEX(1,0),IMDIV(COMPLEX(0,2*PI()*O55),COMPLEX(wp_lf_DCM,0))) -> 1+0,123725482012315i | AH55: =IMABS(AG55) -> 1.0076249 | AI55: =IMARGUMENT(AG55) -> 0.12309989 | AJ55: =IMSUM(COMPLEX(1,0),IMDIV(COMPLEX(0,2*PI()*O55),COMPLEX(wz1_dcm,0))) -> 1+0,00230954233089654i | AK55: =IMABS(AJ55) -> 1.0000027 | AL55: =IMARGUMENT(AJ55) -> 0.0023095382 | AM55: =IMSUB(COMPLEX(1,0),IMDIV(COMPLEX(0,2*PI()*O55),COMPLEX(wz2_dcm,0))) -> 1-0,000381154883704154i | AN55: =IMABS(AM55) -> 1.0000001 | AO55: =IMARGUMENT(AM55) -> -0.00038115487 | AP55: =(IMDIV(IMPRODUCT(AF55,AJ55,AM55),IMPRODUCT(AG55))) -> 321,209965482298-39,1131090718318i | AQ55: =20*LOG(IMABS(AP55)) -> 50.199702 | AR55: =(180/PI())*IMARGUMENT(AP55) -> -6.9426158 | AS55: =COMPLEX(Adc_ea,0) -> -0,000100699300699301 | AT55: =COMPLEX(0,2*PI()*O55*wp0_ea) -> 0,0000330965664382943i | AU55: =IMABS(AT55) -> 3.3096566e-05 | AV55: =IMARGUMENT(AT55) -> 1.5707963 | AW55: =IMSUM(COMPLEX(1,0),IMDIV(COMPLEX(0,2*PI()*O55),COMPLEX(wp1_ea,0))) -> 1+0,00169448349652359i | AX55: =IMABS(AW55) -> 1.0000014 | AY55: =IMARGUMENT(AW55) -> 0.0016944819 | AZ55: =IMSUM(COMPLEX(1,0),IMDIV(COMPLEX(0,2*PI()*O55),COMPLEX(wz_ea,0))) -> 1+0,081010732269968i | BA55: =IMABS(AZ55) -> 1.003276 | BB55: =IMARGUMENT(AZ55) -> 0.080834209 | BC55: =IMPRODUCT(AS55,IMDIV(AZ55,IMPRODUCT(AT55,AW55))) -> -0,241326177064501+3,04299948581473i | BD55: =20*LOG(IMABS(BC55)) -> 9.6932663 | BE55: =(180/PI())*IMARGUMENT(BC55) -> 94.534372 | BF55: =IMPRODUCT(AC55,BC55) -> 20,2390505720399+178,711465604751i | BG55: =20*LOG(IMABS(BF55)) -> 45.098395 | BH55: =(180/PI())*IMARGUMENT(BF55) -> 83.538789 | BI55: =IMPRODUCT(AP55,BC55) -> 41,5047977893363+986,880776886612i | BJ55: =20*LOG(IMABS(BI55)) -> 59.892969 | BK55: =(180/PI())*IMARGUMENT(BI55) -> 87.591757 | BL55: =IF($B$31=0,BJ55,BG55) -> 45.098395 | BM55: =IF($B$31=0,BK55,BH55) -> 83.538789 | BO55: =SUM((BL56<0)*(BL55>0))*O55 -> 0 | BP55: =IF(BO55>0,BM55,0) -> 0
A56: CHF | B56: =CHF -> 4.7e-09 | C56: F | E56: Type II high frequency capacitor | N56: 38 | O56: =10^(1+(N56/100)) -> 23.988329 | P56: =COMPLEX(Adc,0) -> 60 | Q56: =IMSUM(COMPLEX(1,0),IMDIV(COMPLEX(0,2*PI()*O56),COMPLEX(wp_lf,0))) -> 1+0,196944873548517i | R56: =IMABS(Q56) -> 1.0192091 | S56: =IMARGUMENT(Q56) -> 0.19445622 | T56: =IMSUM(COMPLEX(1,0),IMDIV(COMPLEX(0,2*PI()*O56),COMPLEX(wz_esr,0))) -> 1+0,0023633384825822i | U56: =IMABS(T56) -> 1.0000028 | V56: =IMARGUMENT(T56) -> 0.0023633341 | W56: =IMSUB(COMPLEX(1,0),IMDIV(COMPLEX(0,2*PI()*O56),COMPLEX(wz_rhp,0))) -> 1-0,00329706819556669i | X56: =IMABS(W56) -> 1.0000054 | Y56: =IMARGUMENT(W56) -> -0.0032970562 | Z56: =IMSUM(COMPLEX(1,0),IMDIV(COMPLEX(0,2*PI()*O56),COMPLEX(Q*(wsl/2),0)),IMDIV(IMPOWER(COMPLEX(0,2*PI()*O56),2),IMPOWER(COMPLEX(wsl/2,0),2))) -> 0,999999995302531+0,000879730849149457i | AA56: =IMABS(Z56) -> 1.0000004 | AB56: =IMARGUMENT(Z56) -> 0.00087973063 | AC56: =(IMDIV(IMPRODUCT(P56,T56,W56),IMPRODUCT(Q56,Z56))) -> 57,7393888856965-11,4802846044363i | AD56: =20*LOG(IMABS(AC56)) -> 35.397827 | AE56: =(180/PI())*IMARGUMENT(AC56) -> -11.245424 | AF56: =COMPLEX($B$68,0) -> 326,048966736478 | AG56: =IMSUM(COMPLEX(1,0),IMDIV(COMPLEX(0,2*PI()*O56),COMPLEX(wp_lf_DCM,0))) -> 1+0,126607418709761i | AH56: =IMABS(AG56) -> 1.0079829 | AI56: =IMARGUMENT(AG56) -> 0.12593737 | AJ56: =IMSUM(COMPLEX(1,0),IMDIV(COMPLEX(0,2*PI()*O56),COMPLEX(wz1_dcm,0))) -> 1+0,0023633384825822i | AK56: =IMABS(AJ56) -> 1.0000028 | AL56: =IMARGUMENT(AJ56) -> 0.0023633341 | AM56: =IMSUB(COMPLEX(1,0),IMDIV(COMPLEX(0,2*PI()*O56),COMPLEX(wz2_dcm,0))) -> 1-0,000390033121468048i | AN56: =IMABS(AM56) -> 1.0000001 | AO56: =IMARGUMENT(AM56) -> -0.0003900331 | AP56: =(IMDIV(IMPRODUCT(AF56,AJ56,AM56),IMPRODUCT(AG56))) -> 320,985508301739-39,9957524752769i | AQ56: =20*LOG(IMABS(AP56)) -> 50.196619 | AR56: =(180/PI())*IMARGUMENT(AP56) -> -7.1026179 | AS56: =COMPLEX(Adc_ea,0) -> -0,000100699300699301 | AT56: =COMPLEX(0,2*PI()*O56*wp0_ea) -> 0,000033867484504861i | AU56: =IMABS(AT56) -> 3.3867485e-05 | AV56: =IMARGUMENT(AT56) -> 1.5707963 | AW56: =IMSUM(COMPLEX(1,0),IMDIV(COMPLEX(0,2*PI()*O56),COMPLEX(wp1_ea,0))) -> 1+0,00173395308752798i | AX56: =IMABS(AW56) -> 1.0000015 | AY56: =IMARGUMENT(AW56) -> 0.0017339513 | AZ56: =IMSUM(COMPLEX(1,0),IMDIV(COMPLEX(0,2*PI()*O56),COMPLEX(wz_ea,0))) -> 1+0,0828977146313909i | BA56: =IMABS(AZ56) -> 1.0034301 | BB56: =IMARGUMENT(AZ56) -> 0.082708602 | BC56: =IMPRODUCT(AS56,IMDIV(AZ56,IMPRODUCT(AT56,AW56))) -> -0,241326144408585+2,97375119410543i | BD56: =20*LOG(IMABS(BC56)) -> 9.4946 | BE56: =(180/PI())*IMARGUMENT(BC56) -> 94.639506 | BF56: =IMPRODUCT(AC56,BC56) -> 20,2054859508196+174,47306946606i | BG56: =20*LOG(IMABS(BF56)) -> 44.892427 | BH56: =(180/PI())*IMARGUMENT(BF56) -> 83.394082 | BI56: =IMPRODUCT(AP56,BC56) -> 41,4752215530114+964,183059340413i | BJ56: =20*LOG(IMABS(BI56)) -> 59.691219 | BK56: =(180/PI())*IMARGUMENT(BI56) -> 87.536888 | BL56: =IF($B$31=0,BJ56,BG56) -> 44.892427 | BM56: =IF($B$31=0,BK56,BH56) -> 83.394082 | BO56: =SUM((BL57<0)*(BL56>0))*O56 -> 0 | BP56: =IF(BO56>0,BM56,0) -> 0
N57: 39 | O57: =10^(1+(N57/100)) -> 24.547089 | P57: =COMPLEX(Adc,0) -> 60 | Q57: =IMSUM(COMPLEX(1,0),IMDIV(COMPLEX(0,2*PI()*O57),COMPLEX(wp_lf,0))) -> 1+0,201532308967816i | R57: =IMABS(Q57) -> 1.0201055 | S57: =IMARGUMENT(Q57) -> 0.1988685 | T57: =IMSUM(COMPLEX(1,0),IMDIV(COMPLEX(0,2*PI()*O57),COMPLEX(wz_esr,0))) -> 1+0,00241838770761379i | U57: =IMABS(T57) -> 1.0000029 | V57: =IMARGUMENT(T57) -> 0.002418383 | W57: =IMSUB(COMPLEX(1,0),IMDIV(COMPLEX(0,2*PI()*O57),COMPLEX(wz_rhp,0))) -> 1-0,00337386677959514i | X57: =IMABS(W57) -> 1.0000057 | Y57: =IMARGUMENT(W57) -> -0.003373854 | Z57: =IMSUM(COMPLEX(1,0),IMDIV(COMPLEX(0,2*PI()*O57),COMPLEX(Q*(wsl/2),0)),IMDIV(IMPOWER(COMPLEX(0,2*PI()*O57),2),IMPOWER(COMPLEX(wsl/2,0),2))) -> 0,999999995081146+0,000900222413027835i | AA57: =IMABS(Z57) -> 1.0000004 | AB57: =IMARGUMENT(Z57) -> 0.00090022217 | AC57: =(IMDIV(IMPRODUCT(P57,T57,W57),IMPRODUCT(Q57,Z57))) -> 57,637007798625-11,7270617040469i | AD57: =20*LOG(IMABS(AC57)) -> 35.390194 | AE57: =(180/PI())*IMARGUMENT(AC57) -> -11.500649 | AF57: =COMPLEX($B$68,0) -> 326,048966736478 | AG57: =IMSUM(COMPLEX(1,0),IMDIV(COMPLEX(0,2*PI()*O57),COMPLEX(wp_lf_DCM,0))) -> 1+0,129556484336453i | AH57: =IMABS(AG57) -> 1.0083575 | AI57: =IMARGUMENT(AG57) -> 0.12883883 | AJ57: =IMSUM(COMPLEX(1,0),IMDIV(COMPLEX(0,2*PI()*O57),COMPLEX(wz1_dcm,0))) -> 1+0,00241838770761379i | AK57: =IMABS(AJ57) -> 1.0000029 | AL57: =IMARGUMENT(AJ57) -> 0.002418383 | AM57: =IMSUB(COMPLEX(1,0),IMDIV(COMPLEX(0,2*PI()*O57),COMPLEX(wz2_dcm,0))) -> 1-0,000399118159955641i | AN57: =IMABS(AM57) -> 1.0000001 | AO57: =IMARGUMENT(AM57) -> -0.00039911814 | AP57: =(IMDIV(IMPRODUCT(AF57,AJ57,AM57),IMPRODUCT(AG57))) -> 320,750814171032-40,8969670824774i | AQ57: =20*LOG(IMABS(AP57)) -> 50.193392 | AR57: =(180/PI())*IMARGUMENT(AP57) -> -7.2662261 | AS57: =COMPLEX(Adc_ea,0) -> -0,000100699300699301 | AT57: =COMPLEX(0,2*PI()*O57*wp0_ea) -> 0,0000346563595600013i | AU57: =IMABS(AT57) -> 3.465636e-05 | AV57: =IMARGUMENT(AT57) -> 1.5707963 | AW57: =IMSUM(COMPLEX(1,0),IMDIV(COMPLEX(0,2*PI()*O57),COMPLEX(wp1_ea,0))) -> 1+0,00177434204341096i | AX57: =IMABS(AW57) -> 1.0000016 | AY57: =IMARGUMENT(AW57) -> 0.0017743402 | AZ57: =IMSUM(COMPLEX(1,0),IMDIV(COMPLEX(0,2*PI()*O57),COMPLEX(wz_ea,0))) -> 1+0,0848286504583919i | BA57: =IMABS(AZ57) -> 1.0035915 | BB57: =IMARGUMENT(AZ57) -> 0.084626052 | BC57: =IMPRODUCT(AS57,IMDIV(AZ57,IMPRODUCT(AT57,AW57))) -> -0,241326110213652+2,90607962463616i | BD57: =20*LOG(IMABS(BC57)) -> 9.2959961 | BE57: =(180/PI())*IMARGUMENT(BC57) -> 94.747053 | BF57: =IMPRODUCT(AC57,BC57) -> 20,1704601785856+170,327780173853i | BG57: =20*LOG(IMABS(BF57)) -> 44.686191 | BH57: =(180/PI())*IMARGUMENT(BF57) -> 83.246404 | BI57: =IMPRODUCT(AP57,BC57) -> 41,4442964160463+941,996911633446i | BJ57: =20*LOG(IMABS(BI57)) -> 59.489388 | BK57: =(180/PI())*IMARGUMENT(BI57) -> 87.480827 | BL57: =IF($B$31=0,BJ57,BG57) -> 44.686191 | BM57: =IF($B$31=0,BK57,BH57) -> 83.246404 | BO57: =SUM((BL58<0)*(BL57>0))*O57 -> 0 | BP57: =IF(BO57>0,BM57,0) -> 0
A58: Adc_ea | B58: =-(RFBB*gm_ea)/(RFBB+RFBT) -> -0.0001006993 | C58: V/V | N58: 40 | O58: =10^(1+(N58/100)) -> 25.118864 | P58: =COMPLEX(Adc,0) -> 60 | Q58: =IMSUM(COMPLEX(1,0),IMDIV(COMPLEX(0,2*PI()*O58),COMPLEX(wp_lf,0))) -> 1+0,206226599484927i | R58: =IMABS(Q58) -> 1.0210433 | S58: =IMARGUMENT(Q58) -> 0.20337544 | T58: =IMSUM(COMPLEX(1,0),IMDIV(COMPLEX(0,2*PI()*O58),COMPLEX(wz_esr,0))) -> 1+0,00247471919381912i | U58: =IMABS(T58) -> 1.0000031 | V58: =IMARGUMENT(T58) -> 0.0024747141 | W58: =IMSUB(COMPLEX(1,0),IMDIV(COMPLEX(0,2*PI()*O58),COMPLEX(wz_rhp,0))) -> 1-0,00345245423244855i | X58: =IMABS(W58) -> 1.000006 | Y58: =IMARGUMENT(W58) -> -0.0034524405 | Z58: =IMSUM(COMPLEX(1,0),IMDIV(COMPLEX(0,2*PI()*O58),COMPLEX(Q*(wsl/2),0)),IMDIV(IMPOWER(COMPLEX(0,2*PI()*O58),2),IMPOWER(COMPLEX(wsl/2,0),2))) -> 0,999999994849328+0,000921191286745457i | AA58: =IMABS(Z58) -> 1.0000004 | AB58: =IMARGUMENT(Z58) -> 0.00092119103 | AC58: =(IMDIV(IMPRODUCT(P58,T58,W58),IMPRODUCT(Q58,Z58))) -> 57,5301864524723-11,9781906757674i | AD58: =20*LOG(IMABS(AC58)) -> 35.382217 | AE58: =(180/PI())*IMARGUMENT(AC58) -> -11.761354 | AF58: =COMPLEX($B$68,0) -> 326,048966736478 | AG58: =IMSUM(COMPLEX(1,0),IMDIV(COMPLEX(0,2*PI()*O58),COMPLEX(wp_lf_DCM,0))) -> 1+0,132574242526024i | AH58: =IMABS(AG58) -> 1.0087497 | AI58: =IMARGUMENT(AG58) -> 0.13180563 | AJ58: =IMSUM(COMPLEX(1,0),IMDIV(COMPLEX(0,2*PI()*O58),COMPLEX(wz1_dcm,0))) -> 1+0,00247471919381912i | AK58: =IMABS(AJ58) -> 1.0000031 | AL58: =IMARGUMENT(AJ58) -> 0.0024747141 | AM58: =IMSUB(COMPLEX(1,0),IMDIV(COMPLEX(0,2*PI()*O58),COMPLEX(wz2_dcm,0))) -> 1-0,000408414816174598i | AN58: =IMABS(AM58) -> 1.0000001 | AO58: =IMARGUMENT(AM58) -> -0.00040841479 | AP58: =(IMDIV(IMPRODUCT(AF58,AJ58,AM58),IMPRODUCT(AG58))) -> 320,50543274007-41,8170485636963i | AQ58: =20*LOG(IMABS(AP58)) -> 50.190016 | AR58: =(180/PI())*IMARGUMENT(AP58) -> -7.4335159 | AS58: =COMPLEX(Adc_ea,0) -> -0,000100699300699301 | AT58: =COMPLEX(0,2*PI()*O58*wp0_ea) -> 0,0000354636098757114i | AU58: =IMABS(AT58) -> 3.546361e-05 | AV58: =IMARGUMENT(AT58) -> 1.5707963 | AW58: =IMSUM(COMPLEX(1,0),IMDIV(COMPLEX(0,2*PI()*O58),COMPLEX(wp1_ea,0))) -> 1+0,00181567177893155i | AX58: =IMABS(AW58) -> 1.0000016 | AY58: =IMARGUMENT(AW58) -> 0.0018156698 | AZ58: =IMSUM(COMPLEX(1,0),IMDIV(COMPLEX(0,2*PI()*O58),COMPLEX(wz_ea,0))) -> 1+0,0868045635587063i | BA58: =IMABS(AZ58) -> 1.0037604 | BB58: =IMARGUMENT(AZ58) -> 0.086587519 | BC58: =IMPRODUCT(AS58,IMDIV(AZ58,IMPRODUCT(AT58,AW58))) -> -0,241326074407173+2,83994889704467i | BD58: =20*LOG(IMABS(BC58)) -> 9.0974575 | BE58: =(180/PI())*IMARGUMENT(BC58) -> 94.857069 | BF58: =IMPRODUCT(AC58,BC58) -> 20,1339153417485+166,273439296756i | BG58: =20*LOG(IMABS(BF58)) -> 44.479674 | BH58: =(180/PI())*IMARGUMENT(BF58) -> 83.095715 | BI58: =IMPRODUCT(AP58,BC58) -> 41,4119630367994+920,310594380157i | BJ58: =20*LOG(IMABS(BI58)) -> 59.287473 | BK58: =(180/PI())*IMARGUMENT(BI58) -> 87.423553 | BL58: =IF($B$31=0,BJ58,BG58) -> 44.479674 | BM58: =IF($B$31=0,BK58,BH58) -> 83.095715 | BO58: =SUM((BL59<0)*(BL58>0))*O58 -> 0 | BP58: =IF(BO58>0,BM58,0) -> 0
A59: wz_ea | B59: =1/(RCOMP*CCOMP) -> 1818.1818 | E59: Error Amplifier Zero | N59: 41 | O59: =10^(1+(N59/100)) -> 25.703958 | P59: =COMPLEX(Adc,0) -> 60 | Q59: =IMSUM(COMPLEX(1,0),IMDIV(COMPLEX(0,2*PI()*O59),COMPLEX(wp_lf,0))) -> 1+0,211030234074815i | R59: =IMABS(Q59) -> 1.0220243 | S59: =IMARGUMENT(Q59) -> 0.20797871 | T59: =IMSUM(COMPLEX(1,0),IMDIV(COMPLEX(0,2*PI()*O59),COMPLEX(wz_esr,0))) -> 1+0,00253236280889778i | U59: =IMABS(T59) -> 1.0000032 | V59: =IMARGUMENT(T59) -> 0.0025323574 | W59: =IMSUB(COMPLEX(1,0),IMDIV(COMPLEX(0,2*PI()*O59),COMPLEX(wz_rhp,0))) -> 1-0,00353287222223462i | X59: =IMABS(W59) -> 1.0000062 | Y59: =IMARGUMENT(W59) -> -0.0035328575 | Z59: =IMSUM(COMPLEX(1,0),IMDIV(COMPLEX(0,2*PI()*O59),COMPLEX(Q*(wsl/2),0)),IMDIV(IMPOWER(COMPLEX(0,2*PI()*O59),2),IMPOWER(COMPLEX(wsl/2,0),2))) -> 0,999999994606584+0,000942648588276715i | AA59: =IMABS(Z59) -> 1.0000004 | AB59: =IMARGUMENT(Z59) -> 0.00094264831 | AC59: =(IMDIV(IMPRODUCT(P59,T59,W59),IMPRODUCT(Q59,Z59))) -> 57,418750389043-12,2336822183188i | AD59: =20*LOG(IMABS(AC59)) -> 35.373878 | AE59: =(180/PI())*IMARGUMENT(AC59) -> -12.027636 | AF59: =COMPLEX($B$68,0) -> 326,048966736478 | AG59: =IMSUM(COMPLEX(1,0),IMDIV(COMPLEX(0,2*PI()*O59),COMPLEX(wp_lf_DCM,0))) -> 1+0,13566229333381i | AH59: =IMABS(AG59) -> 1.0091602 | AI59: =IMARGUMENT(AG59) -> 0.13483911 | AJ59: =IMSUM(COMPLEX(1,0),IMDIV(COMPLEX(0,2*PI()*O59),COMPLEX(wz1_dcm,0))) -> 1+0,00253236280889778i | AK59: =IMABS(AJ59) -> 1.0000032 | AL59: =IMARGUMENT(AJ59) -> 0.0025323574 | AM59: =IMSUB(COMPLEX(1,0),IMDIV(COMPLEX(0,2*PI()*O59),COMPLEX(wz2_dcm,0))) -> 1-0,000417928019335098i | AN59: =IMABS(AM59) -> 1.0000001 | AO59: =IMARGUMENT(AM59) -> -0.000417928 | AP59: =(IMDIV(IMPRODUCT(AF59,AJ59,AM59),IMPRODUCT(AG59))) -> 320,248895410898-42,7562903106933i | AQ59: =20*LOG(IMABS(AP59)) -> 50.186483 | AR59: =(180/PI())*IMARGUMENT(AP59) -> -7.604564 | AS59: =COMPLEX(Adc_ea,0) -> -0,000100699300699301 | AT59: =COMPLEX(0,2*PI()*O59*wp0_ea) -> 0,000036289663466794i | AU59: =IMABS(AT59) -> 3.6289663e-05 | AV59: =IMARGUMENT(AT59) -> 1.5707963 | AW59: =IMSUM(COMPLEX(1,0),IMDIV(COMPLEX(0,2*PI()*O59),COMPLEX(wp1_ea,0))) -> 1+0,00185796420766258i | AX59: =IMABS(AW59) -> 1.0000017 | AY59: =IMARGUMENT(AW59) -> 0.0018579621 | AZ59: =IMSUM(COMPLEX(1,0),IMDIV(COMPLEX(0,2*PI()*O59),COMPLEX(wz_ea,0))) -> 1+0,0888265015876133i | BA59: =IMABS(AZ59) -> 1.0039373 | BB59: =IMARGUMENT(AZ59) -> 0.088593983 | BC59: =IMPRODUCT(AS59,IMDIV(AZ59,IMPRODUCT(AT59,AW59))) -> -0,241326036913196+2,77532394794342i | BD59: =20*LOG(IMABS(BC59)) -> 8.8989873 | BE59: =(180/PI())*IMARGUMENT(BC59) -> 94.969608 | BF59: =IMPRODUCT(AC59,BC59) -> 20,095791756134+162,307939062299i | BG59: =20*LOG(IMABS(BF59)) -> 44.272866 | BH59: =(180/PI())*IMARGUMENT(BF59) -> 82.941971 | BI59: =IMPRODUCT(AP59,BC59) -> 41,3781596691477+899,112634830083i | BJ59: =20*LOG(IMABS(BI59)) -> 59.08547 | BK59: =(180/PI())*IMARGUMENT(BI59) -> 87.365044 | BL59: =IF($B$31=0,BJ59,BG59) -> 44.272866 | BM59: =IF($B$31=0,BK59,BH59) -> 82.941971 | BO59: =SUM((BL60<0)*(BL59>0))*O59 -> 0 | BP59: =IF(BO59>0,BM59,0) -> 0
